time,vx,vy,vz,wx,wy,wz,x,y,z,phi,theta,psi,vxdot,vydot,vzdot,wxdot,wydot,wzdot,xdot,ydot,zdot,phidot,thetadot,psidot,fx,fy,fz,tauz,x_error,y_error,z_error,psi_error,solve_time,metadata
0.0,0.0,0.0,0.0,-0.0006011689645758246,0.00011635528346628864,0.0060892598347357715,0.43518704175949097,-0.26992133259773254,-0.4706108868122101,-0.14460914413914822,0.040639524925361714,-0.386364688280396,0.0,0.0,0.0,-0.0006011689645758246,0.00011635528346628864,0.0060892598347357715,0.0,0.0,0.0,0.0,0.0,0.0,0.0,0.0,0.0,0.0,0.0
0.05,0.0,0.0,0.0,-0.0006011689645758246,-1.939254724438144e-05,0.006050474740247009,0.43518704175949097,-0.26992133259773254,-0.4706108868122101,-0.14460914413914822,0.040639524925361714,-0.386364688280396,0.0,0.0,0.0,-0.0006011689645758246,-1.939254724438144e-05,0.006050474740247009,0.0,0.0,0.0,0.0,0.0,0.0,0.0,0.0,0.0,0.0,0.0
0.1,0.0,0.0,0.0,-0.0005429913228426803,1.939254724438144e-05,0.0060698672874913906,0.43518704175949097,-0.26992133259773254,-0.4706108868122101,-0.14460914413914822,0.040639524925361714,-0.386364688280396,0.0,0.0,0.0,-0.0005429913228426803,1.939254724438144e-05,0.0060698672874913906,0.0,0.0,0.0,0.0,0.0,0.0,0.0,0.0,0.0,0.0,0.0
0.15000000000000002,0.0,0.0,0.0,-0.0005817764173314432,-5.817764173314432e-05,0.0060698672874913906,0.43518704175949097,-0.26992133259773254,-0.4706108868122101,-0.14460914413914822,0.040639524925361714,-0.386364688280396,0.0,0.0,0.0,-0.0005817764173314432,-5.817764173314432e-05,0.0060698672874913906,0.0,0.0,0.0,0.0,0.0,0.0,0.0,0.0,0.0,0.0,0.0
0.2,0.0,0.0,0.0,-0.00048481368110953597,0.0001939254724438144,0.0060892598347357715,0.43518704175949097,-0.26992133259773254,-0.4706108868122101,-0.14460914413914822,0.040639524925361714,-0.386364688280396,0.0,0.0,0.0,-0.00048481368110953597,0.0001939254724438144,0.0060892598347357715,0.0,0.0,0.0,0.0,0.0,0.0,0.0,0.0,0.0,0.0,0.0
0.25,0.0,0.0,0.0,-9.69627362219072e-05,-7.757018897752576e-05,0.006263792759935205,0.43518704175949097,-0.26992133259773254,-0.4706108868122101,-0.14460914413914822,0.040639524925361714,-0.386364688280396,0.0,0.0,0.0,-9.69627362219072e-05,-7.757018897752576e-05,0.006263792759935205,0.0,0.0,0.0,0.0,0.0,0.0,0.0,0.0,0.0,0.0,0.0
0.30000000000000004,0.0,0.0,0.0,-0.00015514037795505151,-1.939254724438144e-05,0.006418933137890256,0.43518704175949097,-0.26992133259773254,-0.4706108868122101,-0.14460914413914822,0.040639524925361714,-0.386364688280396,0.0,0.0,0.0,-0.00015514037795505151,-1.939254724438144e-05,0.006418933137890256,0.0,0.0,0.0,0.0,0.0,0.0,0.0,0.0,0.0,0.0,0.0
0.35000000000000003,0.0,0.0,0.0,0.00027149566142134013,-3.878509448876288e-05,0.006593466063089689,0.43518704175949097,-0.26992133259773254,-0.4706108868122101,-0.14460914413914822,0.040639524925361714,-0.386364688280396,0.0,0.0,0.0,0.00027149566142134013,-3.878509448876288e-05,0.006593466063089689,0.0,0.0,0.0,0.0,0.0,0.0,0.0,0.0,0.0,0.0,0.0
0.4,0.0,0.0,0.0,0.0004460285866207731,0.0003878509448876288,0.006651643704822834,0.43518704175949097,-0.26992133259773254,-0.4706108868122101,-0.14460914413914822,0.040639524925361714,-0.386364688280396,0.0,0.0,0.0,0.0004460285866207731,0.0003878509448876288,0.006651643704822834,0.0,0.0,0.0,0.0,0.0,0.0,0.0,0.0,0.0,0.0,0.0
0.45,0.0,0.0,0.0,0.0002908882086657216,0.0003684583976432473,0.006671036252067216,0.43518704175949097,-0.26992133259773254,-0.4706108868122101,-0.14460914413914822,0.040639524925361714,-0.386364688280396,0.0,0.0,0.0,0.0002908882086657216,0.0003684583976432473,0.006671036252067216,0.0,0.0,0.0,0.0,0.0,0.0,0.0,0.0,0.0,0.0,0.0
0.5,0.0,0.0,0.0,0.0002133180196881958,0.0004072434921320103,0.006690428799311597,0.43518704175949097,-0.26992133259773254,-0.4706108868122101,-0.14460914413914822,0.040639524925361714,-0.386364688280396,0.0,0.0,0.0,0.0002133180196881958,0.0004072434921320103,0.006690428799311597,0.0,0.0,0.0,0.0,0.0,0.0,0.0,0.0,0.0,0.0,0.0
0.55,0.0,0.0,0.0,3.878509448876288e-05,0.0006981317007977319,0.006729213893800359,0.43518704175949097,-0.26992133259773254,-0.4706108868122101,-0.14460914413914822,0.040639524925361714,-0.386364688280396,0.0,0.0,0.0,3.878509448876288e-05,0.0006981317007977319,0.006729213893800359,0.0,0.0,0.0,0.0,0.0,0.0,0.0,0.0,0.0,0.0,0.0
0.6000000000000001,0.0,0.0,0.0,-0.00023271056693257729,0.0007563093425308761,0.006709821346555978,0.43518704175949097,-0.26992133259773254,-0.4706108868122101,-0.14460914413914822,0.040639524925361714,-0.386364688280396,0.0,0.0,0.0,-0.00023271056693257729,0.0007563093425308761,0.006709821346555978,0.0,0.0,0.0,0.0,0.0,0.0,0.0,0.0,0.0,0.0,0.0
0.65,0.0,0.0,0.0,-9.69627362219072e-05,0.0006981317007977319,0.006806784082777885,0.43518704175949097,-0.26992133259773254,-0.4706108868122101,-0.14460914413914822,0.040639524925361714,-0.386364688280396,0.0,0.0,0.0,-9.69627362219072e-05,0.0006981317007977319,0.006806784082777885,0.0,0.0,0.0,0.0,0.0,0.0,0.0,0.0,0.0,0.0,0.0
0.7000000000000001,0.0,0.0,0.0,-0.00023271056693257729,0.0007175242480421133,0.006826176630022266,0.43518704175949097,-0.26992133259773254,-0.4706108868122101,-0.14460914413914822,0.040639524925361714,-0.386364688280396,0.0,0.0,0.0,-0.00023271056693257729,0.0007175242480421133,0.006826176630022266,0.0,0.0,0.0,0.0,0.0,0.0,0.0,0.0,0.0,0.0,0.0
0.75,0.0,0.0,0.0,-0.00048481368110953597,0.0006787391535533504,0.0068649617245110294,0.43518704175949097,-0.26992133259773254,-0.4706108868122101,-0.14460914413914822,0.040639524925361714,-0.386364688280396,0.0,0.0,0.0,-0.00048481368110953597,0.0006787391535533504,0.0068649617245110294,0.0,0.0,0.0,0.0,0.0,0.0,0.0,0.0,0.0,0.0,0.0
0.8,0.0,0.0,0.0,-0.0006011689645758246,0.0005817764173314432,0.006903746818999792,0.43518704175949097,-0.26992133259773254,-0.4706108868122101,-0.14460914413914822,0.040639524925361714,-0.386364688280396,0.0,0.0,0.0,-0.0006011689645758246,0.0005817764173314432,0.006903746818999792,0.0,0.0,0.0,0.0,0.0,0.0,0.0,0.0,0.0,0.0,0.0
0.8500000000000001,0.0,0.0,0.0,-0.0006981317007977319,0.0005429913228426803,0.006961924460732937,0.43518704175949097,-0.26992133259773254,-0.4706108868122101,-0.14460914413914822,0.040639524925361714,-0.386364688280396,0.0,0.0,0.0,-0.0006981317007977319,0.0005429913228426803,0.006961924460732937,0.0,0.0,0.0,0.0,0.0,0.0,0.0,0.0,0.0,0.0,0.0
0.9,0.0,0.0,0.0,-0.0010278050039522163,0.0003684583976432473,0.007000709555221699,0.43518704175949097,-0.26992133259773254,-0.4706108868122101,-0.14460914413914822,0.040639524925361714,-0.386364688280396,0.0,0.0,0.0,-0.0010278050039522163,0.0003684583976432473,0.007000709555221699,0.0,0.0,0.0,0.0,0.0,0.0,0.0,0.0,0.0,0.0,0.0
0.9500000000000001,0.0,0.0,0.0,-0.0010278050039522163,0.0003878509448876288,0.0070782797441992255,0.43518704175949097,-0.26992133259773254,-0.4706108868122101,-0.14460914413914822,0.040639524925361714,-0.386364688280396,0.0,0.0,0.0,-0.0010278050039522163,0.0003878509448876288,0.0070782797441992255,0.0,0.0,0.0,0.0,0.0,0.0,0.0,0.0,0.0,0.0,0.0
1.0,0.0,0.0,0.0,-0.0011829453819072679,0.0005042062283539174,0.0070782797441992255,0.43518704175949097,-0.26992133259773254,-0.4706108868122101,-0.14460914413914822,0.040639524925361714,-0.386364688280396,0.0,0.0,0.0,-0.0011829453819072679,0.0005042062283539174,0.0070782797441992255,0.0,0.0,0.0,0.0,0.0,0.0,0.0,0.0,0.0,0.0,0.0
1.05,0.0,0.0,0.0,-0.0014738335905729893,0.0002133180196881958,0.007058887196954844,0.43518704175949097,-0.26992133259773254,-0.4706108868122101,-0.14460914413914822,0.040639524925361714,-0.386364688280396,0.0,0.0,0.0,-0.0014738335905729893,0.0002133180196881958,0.007058887196954844,0.0,0.0,0.0,0.0,0.0,0.0,0.0,0.0,0.0,0.0,0.0
1.1,0.0,0.0,0.0,-0.001105375192929742,0.0003684583976432473,0.0070782797441992255,0.43518704175949097,-0.26992133259773254,-0.4706108868122101,-0.14460914413914822,0.040639524925361714,-0.386364688280396,0.0,0.0,0.0,-0.001105375192929742,0.0003684583976432473,0.0070782797441992255,0.0,0.0,0.0,0.0,0.0,0.0,0.0,0.0,0.0,0.0,0.0
1.1500000000000001,0.0,0.0,0.0,-0.001105375192929742,0.00023271056693257729,0.0070782797441992255,0.43518704175949097,-0.26992133259773254,-0.4706108868122101,-0.14460914413914822,0.040639524925361714,-0.386364688280396,0.0,0.0,0.0,-0.001105375192929742,0.00023271056693257729,0.0070782797441992255,0.0,0.0,0.0,0.0,0.0,0.0,0.0,0.0,0.0,0.0,0.0
1.2000000000000002,0.0,0.0,0.0,-0.001667759063016804,0.00013574783071067007,0.0070782797441992255,0.43518704175949097,-0.26992133259773254,-0.4706108868122101,-0.14460914413914822,0.040639524925361714,-0.386364688280396,0.0,0.0,0.0,-0.001667759063016804,0.00013574783071067007,0.0070782797441992255,0.0,0.0,0.0,0.0,0.0,0.0,0.0,0.0,0.0,0.0,0.0
1.25,0.0,0.0,0.0,-0.001725936704749948,0.0001939254724438144,0.007039494649710463,0.43518704175949097,-0.26992133259773254,-0.4706108868122101,-0.14460914413914822,0.040639524925361714,-0.386364688280396,0.0,0.0,0.0,-0.001725936704749948,0.0001939254724438144,0.007039494649710463,0.0,0.0,0.0,0.0,0.0,0.0,0.0,0.0,0.0,0.0,0.0
1.3,0.0,0.0,0.0,-0.0018035068937274738,0.00011635528346628864,0.006981317007977318,0.43518704175949097,-0.26992133259773254,-0.4706108868122101,-0.14460914413914822,0.040639524925361714,-0.386364688280396,0.0,0.0,0.0,-0.0018035068937274738,0.00011635528346628864,0.006981317007977318,0.0,0.0,0.0,0.0,0.0,0.0,0.0,0.0,0.0,0.0,0.0
1.35,0.0,0.0,0.0,-0.001764721799238711,0.00015514037795505151,0.006923139366244174,0.43518704175949097,-0.26992133259773254,-0.4706108868122101,-0.14460914413914822,0.040639524925361714,-0.386364688280396,0.0,0.0,0.0,-0.001764721799238711,0.00015514037795505151,0.006923139366244174,0.0,0.0,0.0,0.0,0.0,0.0,0.0,0.0,0.0,0.0,0.0
1.4000000000000001,0.0,0.0,0.0,-0.0016483665157724222,0.00023271056693257729,0.006923139366244174,0.43518704175949097,-0.26992133259773254,-0.4706108868122101,-0.14460914413914822,0.040639524925361714,-0.386364688280396,0.0,0.0,0.0,-0.0016483665157724222,0.00023271056693257729,0.006923139366244174,0.0,0.0,0.0,0.0,0.0,0.0,0.0,0.0,0.0,0.0,0.0
1.4500000000000002,0.0,0.0,0.0,-0.0009890199094634534,3.878509448876288e-05,0.006806784082777885,0.43518704175949097,-0.26992133259773254,-0.4706108868122101,-0.14460914413914822,0.040639524925361714,-0.386364688280396,0.0,0.0,0.0,-0.0009890199094634534,3.878509448876288e-05,0.006806784082777885,0.0,0.0,0.0,0.0,0.0,0.0,0.0,0.0,0.0,0.0,0.0
1.5,0.0,0.0,0.0,-0.0010859826456853605,0.00013574783071067007,0.006767998988289122,0.43518704175949097,-0.26992133259773254,-0.4706108868122101,-0.14460914413914822,0.040639524925361714,-0.386364688280396,0.0,0.0,0.0,-0.0010859826456853605,0.00013574783071067007,0.006767998988289122,0.0,0.0,0.0,0.0,0.0,0.0,0.0,0.0,0.0,0.0,0.0
1.55,0.0,0.0,0.0,-0.001279908118129175,0.0002133180196881958,0.006651643704822834,0.43518704175949097,-0.26992133259773254,-0.4706108868122101,-0.14460914413914822,0.040639524925361714,-0.386364688280396,0.0,0.0,0.0,-0.001279908118129175,0.0002133180196881958,0.006651643704822834,0.0,0.0,0.0,0.0,0.0,0.0,0.0,0.0,0.0,0.0,0.0
1.6,0.0,0.0,0.0,-0.0007563093425308761,9.69627362219072e-05,0.006535288421356545,0.43518704175949097,-0.26992133259773254,-0.4706108868122101,-0.14460914413914822,0.040639524925361714,-0.386364688280396,0.0,0.0,0.0,-0.0007563093425308761,9.69627362219072e-05,0.006535288421356545,0.0,0.0,0.0,0.0,0.0,0.0,0.0,0.0,0.0,0.0,0.0
1.6500000000000001,0.0,0.0,0.0,-0.000795094437019639,0.00017453292519943296,0.006438325685134637,0.43518704175949097,-0.26992133259773254,-0.4706108868122101,-0.14460914413914822,0.040639524925361714,-0.386364688280396,0.0,0.0,0.0,-0.000795094437019639,0.00017453292519943296,0.006438325685134637,0.0,0.0,0.0,0.0,0.0,0.0,0.0,0.0,0.0,0.0,0.0
1.7000000000000002,0.0,0.0,0.0,-0.0005042062283539174,-3.878509448876288e-05,0.0063025778544239675,0.43518704175949097,-0.26992133259773254,-0.4706108868122101,-0.14460914413914822,0.040639524925361714,-0.386364688280396,0.0,0.0,0.0,-0.0005042062283539174,-3.878509448876288e-05,0.0063025778544239675,0.0,0.0,0.0,0.0,0.0,0.0,0.0,0.0,0.0,0.0,0.0
1.75,0.0,0.0,0.0,-0.00017453292519943296,-3.878509448876288e-05,0.006244400212690822,0.43518704175949097,-0.26992133259773254,-0.4706108868122101,-0.14460914413914822,0.040639524925361714,-0.386364688280396,0.0,0.0,0.0,-0.00017453292519943296,-3.878509448876288e-05,0.006244400212690822,0.0,0.0,0.0,0.0,0.0,0.0,0.0,0.0,0.0,0.0,0.0
1.8,0.0,0.0,0.0,-0.0001939254724438144,3.878509448876288e-05,0.006108652381980153,0.43518704175949097,-0.26992133259773254,-0.4706108868122101,-0.14460914413914822,0.040639524925361714,-0.386364688280396,0.0,0.0,0.0,-0.0001939254724438144,3.878509448876288e-05,0.006108652381980153,0.0,0.0,0.0,0.0,0.0,0.0,0.0,0.0,0.0,0.0,0.0
1.85,0.0,0.0,0.0,1.939254724438144e-05,5.817764173314432e-05,0.006011689645758246,0.43518704175949097,-0.26992133259773254,-0.4706108868122101,-0.14460914413914822,0.040639524925361714,-0.386364688280396,0.0,0.0,0.0,1.939254724438144e-05,5.817764173314432e-05,0.006011689645758246,0.0,0.0,0.0,0.0,0.0,0.0,0.0,0.0,0.0,0.0,0.0
1.9000000000000001,0.0,0.0,0.0,0.0003684583976432473,-0.00015514037795505151,0.005875941815047575,0.43518704175949097,-0.26992133259773254,-0.4706108868122101,-0.14460914413914822,0.040639524925361714,-0.386364688280396,0.0,0.0,0.0,0.0003684583976432473,-0.00015514037795505151,0.005875941815047575,0.0,0.0,0.0,0.0,0.0,0.0,0.0,0.0,0.0,0.0,0.0
1.9500000000000002,0.0,0.0,0.0,0.00013574783071067007,-0.0001939254724438144,0.00579837162607005,0.43518704175949097,-0.26992133259773254,-0.4706108868122101,-0.14460914413914822,0.040639524925361714,-0.386364688280396,0.0,0.0,0.0,0.00013574783071067007,-0.0001939254724438144,0.00579837162607005,0.0,0.0,0.0,0.0,0.0,0.0,0.0,0.0,0.0,0.0,0.0
2.0,0.0,0.0,0.0,-0.00017453292519943296,-0.0001939254724438144,0.0057401939843369065,0.43518704175949097,-0.26992133259773254,-0.4706108868122101,-0.14460914413914822,0.040639524925361714,-0.386364688280396,0.0,0.0,0.0,-0.00017453292519943296,-0.0001939254724438144,0.0057401939843369065,0.0,0.0,0.0,0.0,0.0,0.0,0.0,0.0,0.0,0.0,0.0
2.0500000000000003,0.0,0.0,0.0,0.00031028075591010303,-0.0001939254724438144,0.0056238387008706175,0.43518704175949097,-0.26992133259773254,-0.4706108868122101,-0.14460914413914822,0.040639524925361714,-0.386364688280396,0.0,0.0,0.0,0.00031028075591010303,-0.0001939254724438144,0.0056238387008706175,0.0,0.0,0.0,0.0,0.0,0.0,0.0,0.0,0.0,0.0,0.0
2.1,0.0,0.0,0.0,0.0001939254724438144,-0.0001939254724438144,0.005604446153626237,0.43518704175949097,-0.26992133259773254,-0.4706108868122101,-0.14460914413914822,0.040639524925361714,-0.386364688280396,0.0,0.0,0.0,0.0001939254724438144,-0.0001939254724438144,0.005604446153626237,0.0,0.0,0.0,0.0,0.0,0.0,0.0,0.0,0.0,0.0,0.0
2.15,0.0,0.0,0.0,0.00034906585039886593,-0.0003296733031544845,0.0055268759646487095,0.43518704175949097,-0.26992133259773254,-0.4706108868122101,-0.14460914413914822,0.040639524925361714,-0.386364688280396,0.0,0.0,0.0,0.00034906585039886593,-0.0003296733031544845,0.0055268759646487095,0.0,0.0,0.0,0.0,0.0,0.0,0.0,0.0,0.0,0.0,0.0
2.2,0.0,0.0,0.0,0.0010084124567078347,-0.0002133180196881958,0.0055268759646487095,0.43518704175949097,-0.26992133259773254,-0.4706108868122101,-0.14460914413914822,0.040639524925361714,-0.386364688280396,0.0,0.0,0.0,0.0010084124567078347,-0.0002133180196881958,0.0055268759646487095,0.0,0.0,0.0,0.0,0.0,0.0,0.0,0.0,0.0,0.0,0.0
2.25,0.0,0.0,0.0,0.0010665900984409792,-0.00013574783071067007,0.005488090870159948,0.43518704175949097,-0.26992133259773254,-0.4706108868122101,-0.14460914413914822,0.040639524925361714,-0.386364688280396,0.0,0.0,0.0,0.0010665900984409792,-0.00013574783071067007,0.005488090870159948,0.0,0.0,0.0,0.0,0.0,0.0,0.0,0.0,0.0,0.0,0.0
2.3000000000000003,0.0,0.0,0.0,0.0009890199094634534,3.878509448876288e-05,0.005449305775671185,0.43518704175949097,-0.26992133259773254,-0.4706108868122101,-0.14460914413914822,0.040639524925361714,-0.386364688280396,0.0,0.0,0.0,0.0009890199094634534,3.878509448876288e-05,0.005449305775671185,0.0,0.0,0.0,0.0,0.0,0.0,0.0,0.0,0.0,0.0,0.0
2.35,0.0,0.0,0.0,0.0012217304763960308,5.817764173314432e-05,0.005371735586693658,0.43518704175949097,-0.26992133259773254,-0.4706108868122101,-0.14460914413914822,0.040639524925361714,-0.386364688280396,0.0,0.0,0.0,0.0012217304763960308,5.817764173314432e-05,0.005371735586693658,0.0,0.0,0.0,0.0,0.0,0.0,0.0,0.0,0.0,0.0,0.0
2.4000000000000004,0.0,0.0,0.0,0.0009308422677303091,-0.00011635528346628864,0.00539112813393804,0.43518704175949097,-0.26992133259773254,-0.4706108868122101,-0.14460914413914822,0.040639524925361714,-0.386364688280396,0.0,0.0,0.0,0.0009308422677303091,-0.00011635528346628864,0.00539112813393804,0.0,0.0,0.0,0.0,0.0,0.0,0.0,0.0,0.0,0.0,0.0
2.45,0.0,0.0,0.0,0.0006787391535533504,-0.00013574783071067007,0.005371735586693658,0.43518704175949097,-0.26992133259773254,-0.4706108868122101,-0.14460914413914822,0.040639524925361714,-0.386364688280396,0.0,0.0,0.0,0.0006787391535533504,-0.00013574783071067007,0.005371735586693658,0.0,0.0,0.0,0.0,0.0,0.0,0.0,0.0,0.0,0.0,0.0
2.5,0.0,0.0,0.0,0.0006981317007977319,1.939254724438144e-05,0.005352343039449277,0.43518704175949097,-0.26992133259773254,-0.4706108868122101,-0.14460914413914822,0.040639524925361714,-0.386364688280396,0.0,0.0,0.0,0.0006981317007977319,1.939254724438144e-05,0.005352343039449277,0.0,0.0,0.0,0.0,0.0,0.0,0.0,0.0,0.0,0.0,0.0
2.5500000000000003,0.0,0.0,0.0,0.0007563093425308761,7.757018897752576e-05,0.005371735586693658,0.43518704175949097,-0.26992133259773254,-0.4706108868122101,-0.14460914413914822,0.040639524925361714,-0.386364688280396,0.0,0.0,0.0,0.0007563093425308761,7.757018897752576e-05,0.005371735586693658,0.0,0.0,0.0,0.0,0.0,0.0,0.0,0.0,0.0,0.0,0.0
2.6,0.0,0.0,0.0,0.0005429913228426803,-0.0,0.005371735586693658,0.43518704175949097,-0.26992133259773254,-0.4706108868122101,-0.14460914413914822,0.040639524925361714,-0.386364688280396,0.0,0.0,0.0,0.0005429913228426803,-0.0,0.005371735586693658,0.0,0.0,0.0,0.0,0.0,0.0,0.0,0.0,0.0,0.0,0.0
2.6500000000000004,0.0,0.0,0.0,0.00015514037795505151,5.817764173314432e-05,0.005429913228426803,0.43518704175949097,-0.26992133259773254,-0.4706108868122101,-0.14460914413914822,0.040639524925361714,-0.386364688280396,0.0,0.0,0.0,0.00015514037795505151,5.817764173314432e-05,0.005429913228426803,0.0,0.0,0.0,0.0,0.0,0.0,0.0,0.0,0.0,0.0,0.0
2.7,0.0,0.0,0.0,-0.00011635528346628864,0.0005429913228426803,0.005429913228426803,0.43518704175949097,-0.26992133259773254,-0.4706108868122101,-0.14460914413914822,0.040639524925361714,-0.386364688280396,0.0,0.0,0.0,-0.00011635528346628864,0.0005429913228426803,0.005429913228426803,0.0,0.0,0.0,0.0,0.0,0.0,0.0,0.0,0.0,0.0,0.0
2.75,0.0,0.0,0.0,-0.0005235987755982988,0.0007563093425308761,0.00539112813393804,0.43518704175949097,-0.26992133259773254,-0.4706108868122101,-0.14460914413914822,0.040639524925361714,-0.386364688280396,0.0,0.0,0.0,-0.0005235987755982988,0.0007563093425308761,0.00539112813393804,0.0,0.0,0.0,0.0,0.0,0.0,0.0,0.0,0.0,0.0,0.0
2.8000000000000003,0.0,0.0,0.0,0.0002908882086657216,0.00046542113386515457,0.005507483417404329,0.43518704175949097,-0.26992133259773254,-0.4706108868122101,-0.14460914413914822,0.040639524925361714,-0.386364688280396,0.0,0.0,0.0,0.0002908882086657216,0.00046542113386515457,0.005507483417404329,0.0,0.0,0.0,0.0,0.0,0.0,0.0,0.0,0.0,0.0,0.0
2.85,0.0,0.0,0.0,-0.0002133180196881958,-0.00034906585039886593,0.0056432312481149985,0.43518704175949097,-0.26992133259773254,-0.4706108868122101,-0.14460914413914822,0.040639524925361714,-0.386364688280396,0.0,0.0,0.0,-0.0002133180196881958,-0.00034906585039886593,0.0056432312481149985,0.0,0.0,0.0,0.0,0.0,0.0,0.0,0.0,0.0,0.0,0.0
2.9000000000000004,0.0,0.0,0.0,-9.69627362219072e-05,-0.0002133180196881958,0.005468698322915566,0.43518704175949097,-0.26992133259773254,-0.4706108868122101,-0.14460914413914822,0.040639524925361714,-0.386364688280396,0.0,0.0,0.0,-9.69627362219072e-05,-0.0002133180196881958,0.005468698322915566,0.0,0.0,0.0,0.0,0.0,0.0,0.0,0.0,0.0,0.0,0.0
2.95,0.0,0.0,0.0,-0.0003684583976432473,3.878509448876288e-05,0.005429913228426803,0.43518704175949097,-0.26992133259773254,-0.4706108868122101,-0.14460914413914822,0.040639524925361714,-0.386364688280396,0.0,0.0,0.0,-0.0003684583976432473,3.878509448876288e-05,0.005429913228426803,0.0,0.0,0.0,0.0,0.0,0.0,0.0,0.0,0.0,0.0,0.0
3.0,0.0,0.0,0.0,-0.00048481368110953597,-0.0001939254724438144,0.005449305775671185,0.43518704175949097,-0.26992133259773254,-0.4706108868122101,-0.14460914413914822,0.040639524925361714,-0.386364688280396,0.0,0.0,0.0,-0.00048481368110953597,-0.0001939254724438144,0.005449305775671185,0.0,0.0,0.0,0.0,0.0,0.0,0.0,0.0,0.0,0.0,0.0
3.0500000000000003,0.0,0.0,0.0,-0.0006981317007977319,-0.00017453292519943296,0.005507483417404329,0.43518704175949097,-0.26992133259773254,-0.4706108868122101,-0.14460914413914822,0.040639524925361714,-0.386364688280396,0.0,0.0,0.0,-0.0006981317007977319,-0.00017453292519943296,0.005507483417404329,0.0,0.0,0.0,0.0,0.0,0.0,0.0,0.0,0.0,0.0,0.0
3.1,0.0,0.0,0.0,-0.0009502348149746905,-0.0002521031141769587,0.005488090870159948,0.43518704175949097,-0.26992133259773254,-0.4706108868122101,-0.14460914413914822,0.040639524925361714,-0.386364688280396,0.0,0.0,0.0,-0.0009502348149746905,-0.0002521031141769587,0.005488090870159948,0.0,0.0,0.0,0.0,0.0,0.0,0.0,0.0,0.0,0.0,0.0
3.1500000000000004,0.0,0.0,0.0,-0.0010278050039522163,-0.0003878509448876288,0.005546268511893091,0.43518704175949097,-0.26992133259773254,-0.4706108868122101,-0.14460914413914822,0.040639524925361714,-0.386364688280396,0.0,0.0,0.0,-0.0010278050039522163,-0.0003878509448876288,0.005546268511893091,0.0,0.0,0.0,0.0,0.0,0.0,0.0,0.0,0.0,0.0,0.0
3.2,0.0,0.0,0.0,-0.0012411230236404121,-0.00027149566142134013,0.0056432312481149985,0.43518704175949097,-0.26992133259773254,-0.4706108868122101,-0.14460914413914822,0.040639524925361714,-0.386364688280396,0.0,0.0,0.0,-0.0012411230236404121,-0.00027149566142134013,0.0056432312481149985,0.0,0.0,0.0,0.0,0.0,0.0,0.0,0.0,0.0,0.0,0.0
3.25,0.0,0.0,0.0,-0.0011635528346628863,-0.00015514037795505151,0.005662623795359379,0.43518704175949097,-0.26992133259773254,-0.4706108868122101,-0.14460914413914822,0.040639524925361714,-0.386364688280396,0.0,0.0,0.0,-0.0011635528346628863,-0.00015514037795505151,0.005662623795359379,0.0,0.0,0.0,0.0,0.0,0.0,0.0,0.0,0.0,0.0,0.0
3.3000000000000003,0.0,0.0,0.0,-0.0012023379291516492,-0.00011635528346628864,0.005759586531581288,0.43518704175949097,-0.26992133259773254,-0.4706108868122101,-0.14460914413914822,0.040639524925361714,-0.386364688280396,0.0,0.0,0.0,-0.0012023379291516492,-0.00011635528346628864,0.005759586531581288,0.0,0.0,0.0,0.0,0.0,0.0,0.0,0.0,0.0,0.0,0.0
3.35,0.0,0.0,0.0,-0.0010278050039522163,-0.0,0.00577897907882567,0.43518704175949097,-0.26992133259773254,-0.4706108868122101,-0.14460914413914822,0.040639524925361714,-0.386364688280396,0.0,0.0,0.0,-0.0010278050039522163,-0.0,0.00577897907882567,0.0,0.0,0.0,0.0,0.0,0.0,0.0,0.0,0.0,0.0,0.0
3.4000000000000004,0.0,0.0,0.0,-0.001144160287418505,-0.00011635528346628864,0.0057401939843369065,0.43518704175949097,-0.26992133259773254,-0.4706108868122101,-0.14460914413914822,0.040639524925361714,-0.386364688280396,0.0,0.0,0.0,-0.001144160287418505,-0.00011635528346628864,0.0057401939843369065,0.0,0.0,0.0,0.0,0.0,0.0,0.0,0.0,0.0,0.0,0.0
3.45,0.0,0.0,0.0,-0.001318693212617938,-0.00011635528346628864,0.005701408889848143,0.43518704175949097,-0.26992133259773254,-0.4706108868122101,-0.14460914413914822,0.040639524925361714,-0.386364688280396,0.0,0.0,0.0,-0.001318693212617938,-0.00011635528346628864,0.005701408889848143,0.0,0.0,0.0,0.0,0.0,0.0,0.0,0.0,0.0,0.0,0.0
3.5,0.0,0.0,0.0,-0.001279908118129175,-0.00013574783071067007,0.005682016342603761,0.43518704175949097,-0.26992133259773254,-0.4706108868122101,-0.14460914413914822,0.040639524925361714,-0.386364688280396,0.0,0.0,0.0,-0.001279908118129175,-0.00013574783071067007,0.005682016342603761,0.0,0.0,0.0,0.0,0.0,0.0,0.0,0.0,0.0,0.0,0.0
3.5500000000000003,0.0,0.0,0.0,-0.0008532720787527832,-0.0001939254724438144,0.005604446153626237,0.43518704175949097,-0.26992133259773254,-0.4706108868122101,-0.14460914413914822,0.040639524925361714,-0.386364688280396,0.0,0.0,0.0,-0.0008532720787527832,-0.0001939254724438144,0.005604446153626237,0.0,0.0,0.0,0.0,0.0,0.0,0.0,0.0,0.0,0.0,0.0
3.6,0.0,0.0,0.0,-0.0007563093425308761,-0.0003296733031544845,0.005546268511893091,0.43518704175949097,-0.26992133259773254,-0.4706108868122101,-0.14460914413914822,0.040639524925361714,-0.386364688280396,0.0,0.0,0.0,-0.0007563093425308761,-0.0003296733031544845,0.005546268511893091,0.0,0.0,0.0,0.0,0.0,0.0,0.0,0.0,0.0,0.0,0.0
3.6500000000000004,0.0,0.0,0.0,-0.000833879531508402,-0.0005042062283539174,0.005449305775671185,0.43518704175949097,-0.26992133259773254,-0.4706108868122101,-0.14460914413914822,0.040639524925361714,-0.386364688280396,0.0,0.0,0.0,-0.000833879531508402,-0.0005042062283539174,0.005449305775671185,0.0,0.0,0.0,0.0,0.0,0.0,0.0,0.0,0.0,0.0,0.0
3.7,0.0,0.0,0.0,-0.0006787391535533504,-0.0003684583976432473,0.00539112813393804,0.43518704175949097,-0.26992133259773254,-0.4706108868122101,-0.14460914413914822,0.040639524925361714,-0.386364688280396,0.0,0.0,0.0,-0.0006787391535533504,-0.0003684583976432473,0.00539112813393804,0.0,0.0,0.0,0.0,0.0,0.0,0.0,0.0,0.0,0.0,0.0
3.75,0.0,0.0,0.0,-0.0005817764173314432,-0.0005235987755982988,0.005294165397716133,0.43518704175949097,-0.26992133259773254,-0.4706108868122101,-0.14460914413914822,0.040639524925361714,-0.386364688280396,0.0,0.0,0.0,-0.0005817764173314432,-0.0005235987755982988,0.005294165397716133,0.0,0.0,0.0,0.0,0.0,0.0,0.0,0.0,0.0,0.0,0.0
3.8000000000000003,0.0,0.0,0.0,-0.0006787391535533504,-0.0004460285866207731,0.00525538030322737,0.43518704175949097,-0.26992133259773254,-0.4706108868122101,-0.14460914413914822,0.040639524925361714,-0.386364688280396,0.0,0.0,0.0,-0.0006787391535533504,-0.0004460285866207731,0.00525538030322737,0.0,0.0,0.0,0.0,0.0,0.0,0.0,0.0,0.0,0.0,0.0
3.85,0.0,0.0,0.0,-0.0005429913228426803,-0.00023271056693257729,0.005274772850471752,0.43518704175949097,-0.26992133259773254,-0.4706108868122101,-0.14460914413914822,0.040639524925361714,-0.386364688280396,0.0,0.0,0.0,-0.0005429913228426803,-0.00023271056693257729,0.005274772850471752,0.0,0.0,0.0,0.0,0.0,0.0,0.0,0.0,0.0,0.0,0.0
3.9000000000000004,0.0,0.0,0.0,-0.00027149566142134013,-0.00013574783071067007,0.005216595208738607,0.43518704175949097,-0.26992133259773254,-0.4706108868122101,-0.14460914413914822,0.040639524925361714,-0.386364688280396,0.0,0.0,0.0,-0.00027149566142134013,-0.00013574783071067007,0.005216595208738607,0.0,0.0,0.0,0.0,0.0,0.0,0.0,0.0,0.0,0.0,0.0
3.95,0.0,0.0,0.0,-0.00011635528346628864,1.939254724438144e-05,0.005158417567005464,0.43518704175949097,-0.26992133259773254,-0.4706108868122101,-0.14460914413914822,0.040639524925361714,-0.386364688280396,0.0,0.0,0.0,-0.00011635528346628864,1.939254724438144e-05,0.005158417567005464,0.0,0.0,0.0,0.0,0.0,0.0,0.0,0.0,0.0,0.0,0.0
4.0,0.0,0.0,0.0,0.0,5.817764173314432e-05,0.005061454830783556,0.43518704175949097,-0.26992133259773254,-0.4706108868122101,-0.14460914413914822,0.040639524925361714,-0.386364688280396,0.0,0.0,0.0,0.0,5.817764173314432e-05,0.005061454830783556,0.0,0.0,0.0,0.0,0.0,0.0,0.0,0.0,0.0,0.0,0.0
4.05,0.0,0.0,0.0,0.0002133180196881958,-1.939254724438144e-05,0.004906314452828504,0.43518704175949097,-0.26992133259773254,-0.4706108868122101,-0.14460914413914822,0.040639524925361714,-0.386364688280396,0.0,0.0,0.0,0.0002133180196881958,-1.939254724438144e-05,0.004906314452828504,0.0,0.0,0.0,0.0,0.0,0.0,0.0,0.0,0.0,0.0,0.0
4.1000000000000005,0.0,0.0,0.0,0.00011635528346628864,0.00023271056693257729,0.004925707000072885,0.43518704175949097,-0.26992133259773254,-0.4706108868122101,-0.14460914413914822,0.040639524925361714,-0.386364688280396,0.0,0.0,0.0,0.00011635528346628864,0.00023271056693257729,0.004925707000072885,0.0,0.0,0.0,0.0,0.0,0.0,0.0,0.0,0.0,0.0,0.0
4.15,0.0,0.0,0.0,0.0004072434921320103,0.00027149566142134013,0.004789959169362215,0.43518704175949097,-0.26992133259773254,-0.4706108868122101,-0.14460914413914822,0.040639524925361714,-0.386364688280396,0.0,0.0,0.0,0.0004072434921320103,0.00027149566142134013,0.004789959169362215,0.0,0.0,0.0,0.0,0.0,0.0,0.0,0.0,0.0,0.0,0.0
4.2,0.0,0.0,0.0,0.00023271056693257729,0.0002521031141769587,0.00471238898038469,0.43518704175949097,-0.26992133259773254,-0.4706108868122101,-0.14460914413914822,0.040639524925361714,-0.386364688280396,0.0,0.0,0.0,0.00023271056693257729,0.0002521031141769587,0.00471238898038469,0.0,0.0,0.0,0.0,0.0,0.0,0.0,0.0,0.0,0.0,0.0
4.25,0.0,0.0,0.0,0.00017453292519943296,0.0003684583976432473,0.004596033696918401,0.43518704175949097,-0.26992133259773254,-0.4706108868122101,-0.14460914413914822,0.040639524925361714,-0.386364688280396,0.0,0.0,0.0,0.00017453292519943296,0.0003684583976432473,0.004596033696918401,0.0,0.0,0.0,0.0,0.0,0.0,0.0,0.0,0.0,0.0,0.0
4.3,0.0,0.0,0.0,0.0001939254724438144,0.00027149566142134013,0.004557248602429638,0.43518704175949097,-0.26992133259773254,-0.4706108868122101,-0.14460914413914822,0.040639524925361714,-0.386364688280396,0.0,0.0,0.0,0.0001939254724438144,0.00027149566142134013,0.004557248602429638,0.0,0.0,0.0,0.0,0.0,0.0,0.0,0.0,0.0,0.0,0.0
4.3500000000000005,0.0,0.0,0.0,3.878509448876288e-05,0.0006011689645758246,0.0044021082244745866,0.43518704175949097,-0.26992133259773254,-0.4706108868122101,-0.14460914413914822,0.040639524925361714,-0.386364688280396,0.0,0.0,0.0,3.878509448876288e-05,0.0006011689645758246,0.0044021082244745866,0.0,0.0,0.0,0.0,0.0,0.0,0.0,0.0,0.0,0.0,0.0
4.4,0.0,0.0,0.0,-0.0004460285866207731,0.001144160287418505,0.0044021082244745866,0.43518704175949097,-0.26992133259773254,-0.4706108868122101,-0.14460914413914822,0.040639524925361714,-0.386364688280396,0.0,0.0,0.0,-0.0004460285866207731,0.001144160287418505,0.0044021082244745866,0.0,0.0,0.0,0.0,0.0,0.0,0.0,0.0,0.0,0.0,0.0
4.45,0.0,0.0,0.0,0.00011635528346628864,0.0013574783071067008,0.00446028586620773,0.43518704175949097,-0.26992133259773254,-0.4706108868122101,-0.14460914413914822,0.040639524925361714,-0.386364688280396,0.0,0.0,0.0,0.00011635528346628864,0.0013574783071067008,0.00446028586620773,0.0,0.0,0.0,0.0,0.0,0.0,0.0,0.0,0.0,0.0,0.0
4.5,0.0,0.0,0.0,-1.939254724438144e-05,0.0019586472716825254,0.00446028586620773,0.43518704175949097,-0.26992133259773254,-0.4706108868122101,-0.14460914413914822,0.040639524925361714,-0.386364688280396,0.0,0.0,0.0,-1.939254724438144e-05,0.0019586472716825254,0.00446028586620773,0.0,0.0,0.0,0.0,0.0,0.0,0.0,0.0,0.0,0.0,0.0
4.55,0.0,0.0,0.0,3.878509448876288e-05,0.000659346606308969,0.00457664114967402,0.43518704175949097,-0.26992133259773254,-0.4706108868122101,-0.14460914413914822,0.040639524925361714,-0.386364688280396,0.0,0.0,0.0,3.878509448876288e-05,0.000659346606308969,0.00457664114967402,0.0,0.0,0.0,0.0,0.0,0.0,0.0,0.0,0.0,0.0,0.0
4.6000000000000005,0.0,0.0,0.0,0.00027149566142134013,0.00048481368110953597,0.004421500771718968,0.43518704175949097,-0.26992133259773254,-0.4706108868122101,-0.14460914413914822,0.040639524925361714,-0.386364688280396,0.0,0.0,0.0,0.00027149566142134013,0.00048481368110953597,0.004421500771718968,0.0,0.0,0.0,0.0,0.0,0.0,0.0,0.0,0.0,0.0,0.0
4.65,0.0,0.0,0.0,0.00011635528346628864,0.0007757018897752575,0.004033649826831339,0.43518704175949097,-0.26992133259773254,-0.4706108868122101,-0.14460914413914822,0.040639524925361714,-0.386364688280396,0.0,0.0,0.0,0.00011635528346628864,0.0007757018897752575,0.004033649826831339,0.0,0.0,0.0,0.0,0.0,0.0,0.0,0.0,0.0,0.0,0.0
4.7,0.0,0.0,0.0,-0.00011635528346628864,0.00023271056693257729,0.0038397243543875246,0.43518704175949097,-0.26992133259773254,-0.4706108868122101,-0.14460914413914822,0.040639524925361714,-0.386364688280396,0.0,0.0,0.0,-0.00011635528346628864,0.00023271056693257729,0.0038397243543875246,0.0,0.0,0.0,0.0,0.0,0.0,0.0,0.0,0.0,0.0,0.0
4.75,0.0,0.0,0.0,-0.00046542113386515457,0.0004460285866207731,0.0037039765236768552,0.43518704175949097,-0.26992133259773254,-0.4706108868122101,-0.14460914413914822,0.040639524925361714,-0.386364688280396,0.0,0.0,0.0,-0.00046542113386515457,0.0004460285866207731,0.0037039765236768552,0.0,0.0,0.0,0.0,0.0,0.0,0.0,0.0,0.0,0.0,0.0
4.800000000000001,0.0,0.0,0.0,-0.0006981317007977319,0.00031028075591010303,0.0036651914291880917,0.43518704175949097,-0.26992133259773254,-0.4706108868122101,-0.14460914413914822,0.040639524925361714,-0.386364688280396,0.0,0.0,0.0,-0.0006981317007977319,0.00031028075591010303,0.0036651914291880917,0.0,0.0,0.0,0.0,0.0,0.0,0.0,0.0,0.0,0.0,0.0
4.8500000000000005,0.0,0.0,0.0,-0.000795094437019639,0.000659346606308969,0.0036457988819437108,0.43518704175949097,-0.26992133259773254,-0.4706108868122101,-0.14460914413914822,0.040639524925361714,-0.386364688280396,0.0,0.0,0.0,-0.000795094437019639,0.000659346606308969,0.0036457988819437108,0.0,0.0,0.0,0.0,0.0,0.0,0.0,0.0,0.0,0.0,0.0
4.9,0.0,0.0,0.0,-0.0006011689645758246,0.0007757018897752575,0.003684583976432474,0.43518704175949097,-0.26992133259773254,-0.4706108868122101,-0.14460914413914822,0.040639524925361714,-0.386364688280396,0.0,0.0,0.0,-0.0006011689645758246,0.0007757018897752575,0.003684583976432474,0.0,0.0,0.0,0.0,0.0,0.0,0.0,0.0,0.0,0.0,0.0
4.95,0.0,0.0,0.0,-0.0012023379291516492,0.0014350484960842266,0.003684583976432474,0.43518704175949097,-0.26992133259773254,-0.4706108868122101,-0.14460914413914822,0.040639524925361714,-0.386364688280396,0.0,0.0,0.0,-0.0012023379291516492,0.0014350484960842266,0.003684583976432474,0.0,0.0,0.0,0.0,0.0,0.0,0.0,0.0,0.0,0.0,0.0
5.0,0.0,0.0,0.0,-0.0010471975511965976,0.001105375192929742,0.003529443598477422,0.43518704175949097,-0.26992133259773254,-0.4706108868122101,-0.14460914413914822,0.040639524925361714,-0.386364688280396,0.0,0.0,0.0,-0.0010471975511965976,0.001105375192929742,0.003529443598477422,0.0,0.0,0.0,0.0,0.0,0.0,0.0,0.0,0.0,0.0,0.0
5.050000000000001,0.0,0.0,0.0,-0.0006787391535533504,0.0010665900984409792,0.003413088315011133,0.43518704175949097,-0.26992133259773254,-0.4706108868122101,-0.14460914413914822,0.040639524925361714,-0.386364688280396,0.0,0.0,0.0,-0.0006787391535533504,0.0010665900984409792,0.003413088315011133,0.0,0.0,0.0,0.0,0.0,0.0,0.0,0.0,0.0,0.0,0.0
5.1000000000000005,0.0,0.0,0.0,-0.0005623838700870617,0.0006399540590645875,0.003490658503988659,0.43518704175949097,-0.26992133259773254,-0.4706108868122101,-0.14460914413914822,0.040639524925361714,-0.386364688280396,0.0,0.0,0.0,-0.0005623838700870617,0.0006399540590645875,0.003490658503988659,0.0,0.0,0.0,0.0,0.0,0.0,0.0,0.0,0.0,0.0,0.0
5.15,0.0,0.0,0.0,-0.0002521031141769587,0.00011635528346628864,0.003568228692966185,0.43518704175949097,-0.26992133259773254,-0.4706108868122101,-0.14460914413914822,0.040639524925361714,-0.386364688280396,0.0,0.0,0.0,-0.0002521031141769587,0.00011635528346628864,0.003568228692966185,0.0,0.0,0.0,0.0,0.0,0.0,0.0,0.0,0.0,0.0,0.0
5.2,0.0,0.0,0.0,-0.00031028075591010303,0.00027149566142134013,0.003451873409499896,0.43518704175949097,-0.26992133259773254,-0.4706108868122101,-0.14460914413914822,0.040639524925361714,-0.386364688280396,0.0,0.0,0.0,-0.00031028075591010303,0.00027149566142134013,0.003451873409499896,0.0,0.0,0.0,0.0,0.0,0.0,0.0,0.0,0.0,0.0,0.0
5.25,0.0,0.0,0.0,-0.000659346606308969,9.69627362219072e-05,0.003316125578789226,0.43518704175949097,-0.26992133259773254,-0.4706108868122101,-0.14460914413914822,0.040639524925361714,-0.386364688280396,0.0,0.0,0.0,-0.000659346606308969,9.69627362219072e-05,0.003316125578789226,0.0,0.0,0.0,0.0,0.0,0.0,0.0,0.0,0.0,0.0,0.0
5.300000000000001,0.0,0.0,0.0,0.0002133180196881958,0.00013574783071067007,0.0032579479370560822,0.43518704175949097,-0.26992133259773254,-0.4706108868122101,-0.14460914413914822,0.040639524925361714,-0.386364688280396,0.0,0.0,0.0,0.0002133180196881958,0.00013574783071067007,0.0032579479370560822,0.0,0.0,0.0,0.0,0.0,0.0,0.0,0.0,0.0,0.0,0.0
5.3500000000000005,0.0,0.0,0.0,0.0001939254724438144,-0.00013574783071067007,0.0032579479370560822,0.43518704175949097,-0.26992133259773254,-0.4706108868122101,-0.14460914413914822,0.040639524925361714,-0.386364688280396,0.0,0.0,0.0,0.0001939254724438144,-0.00013574783071067007,0.0032579479370560822,0.0,0.0,0.0,0.0,0.0,0.0,0.0,0.0,0.0,0.0,0.0
5.4,0.0,0.0,0.0,0.00034906585039886593,-0.0001939254724438144,0.003199770295322937,0.43518704175949097,-0.26992133259773254,-0.4706108868122101,-0.14460914413914822,0.040639524925361714,-0.386364688280396,0.0,0.0,0.0,0.00034906585039886593,-0.0001939254724438144,0.003199770295322937,0.0,0.0,0.0,0.0,0.0,0.0,0.0,0.0,0.0,0.0,0.0
5.45,0.0,0.0,0.0,0.00027149566142134013,-0.0002133180196881958,0.003083415011856649,0.43518704175949097,-0.26992133259773254,-0.4706108868122101,-0.14460914413914822,0.040639524925361714,-0.386364688280396,0.0,0.0,0.0,0.00027149566142134013,-0.0002133180196881958,0.003083415011856649,0.0,0.0,0.0,0.0,0.0,0.0,0.0,0.0,0.0,0.0,0.0
5.5,0.0,0.0,0.0,0.00017453292519943296,-0.0004266360393763916,0.003005844822879123,0.43518704175949097,-0.26992133259773254,-0.4706108868122101,-0.14460914413914822,0.040639524925361714,-0.386364688280396,0.0,0.0,0.0,0.00017453292519943296,-0.0004266360393763916,0.003005844822879123,0.0,0.0,0.0,0.0,0.0,0.0,0.0,0.0,0.0,0.0,0.0
5.550000000000001,0.0,0.0,0.0,0.0001939254724438144,-0.0005235987755982988,0.002889489539412835,0.43518704175949097,-0.26992133259773254,-0.4706108868122101,-0.14460914413914822,0.040639524925361714,-0.386364688280396,0.0,0.0,0.0,0.0001939254724438144,-0.0005235987755982988,0.002889489539412835,0.0,0.0,0.0,0.0,0.0,0.0,0.0,0.0,0.0,0.0,0.0
5.6000000000000005,0.0,0.0,0.0,0.0002521031141769587,-0.000795094437019639,0.0028313118976796897,0.43518704175949097,-0.26992133259773254,-0.4706108868122101,-0.14460914413914822,0.040639524925361714,-0.386364688280396,0.0,0.0,0.0,0.0002521031141769587,-0.000795094437019639,0.0028313118976796897,0.0,0.0,0.0,0.0,0.0,0.0,0.0,0.0,0.0,0.0,0.0
5.65,0.0,0.0,0.0,0.00034906585039886593,-0.000833879531508402,0.0028119193504353088,0.43518704175949097,-0.26992133259773254,-0.4706108868122101,-0.14460914413914822,0.040639524925361714,-0.386364688280396,0.0,0.0,0.0,0.00034906585039886593,-0.000833879531508402,0.0028119193504353088,0.0,0.0,0.0,0.0,0.0,0.0,0.0,0.0,0.0,0.0,0.0
5.7,0.0,0.0,0.0,0.0005623838700870617,-0.0008532720787527832,0.002734349161457783,0.43518704175949097,-0.26992133259773254,-0.4706108868122101,-0.14460914413914822,0.040639524925361714,-0.386364688280396,0.0,0.0,0.0,0.0005623838700870617,-0.0008532720787527832,0.002734349161457783,0.0,0.0,0.0,0.0,0.0,0.0,0.0,0.0,0.0,0.0,0.0
5.75,0.0,0.0,0.0,0.0009890199094634534,-0.0010859826456853605,0.002656778972480257,0.43518704175949097,-0.26992133259773254,-0.4706108868122101,-0.14460914413914822,0.040639524925361714,-0.386364688280396,0.0,0.0,0.0,0.0009890199094634534,-0.0010859826456853605,0.002656778972480257,0.0,0.0,0.0,0.0,0.0,0.0,0.0,0.0,0.0,0.0,0.0
5.800000000000001,0.0,0.0,0.0,0.0010278050039522163,-0.0008532720787527832,0.002656778972480257,0.43518704175949097,-0.26992133259773254,-0.4706108868122101,-0.14460914413914822,0.040639524925361714,-0.386364688280396,0.0,0.0,0.0,0.0010278050039522163,-0.0008532720787527832,0.002656778972480257,0.0,0.0,0.0,0.0,0.0,0.0,0.0,0.0,0.0,0.0,0.0
5.8500000000000005,0.0,0.0,0.0,0.0003878509448876288,-0.0010471975511965976,0.00255981623625835,0.43518704175949097,-0.26992133259773254,-0.4706108868122101,-0.14460914413914822,0.040639524925361714,-0.386364688280396,0.0,0.0,0.0,0.0003878509448876288,-0.0010471975511965976,0.00255981623625835,0.0,0.0,0.0,0.0,0.0,0.0,0.0,0.0,0.0,0.0,0.0
5.9,0.0,0.0,0.0,0.0003684583976432473,-0.000833879531508402,0.002521031141769587,0.43518704175949097,-0.26992133259773254,-0.4706108868122101,-0.14460914413914822,0.040639524925361714,-0.386364688280396,0.0,0.0,0.0,0.0003684583976432473,-0.000833879531508402,0.002521031141769587,0.0,0.0,0.0,0.0,0.0,0.0,0.0,0.0,0.0,0.0,0.0
5.95,0.0,0.0,0.0,-0.0003878509448876288,-0.00017453292519943296,0.0024046758583032984,0.43518704175949097,-0.26992133259773254,-0.4706108868122101,-0.14460914413914822,0.040639524925361714,-0.386364688280396,0.0,0.0,0.0,-0.0003878509448876288,-0.00017453292519943296,0.0024046758583032984,0.0,0.0,0.0,0.0,0.0,0.0,0.0,0.0,0.0,0.0,0.0
6.0,0.0,0.0,0.0,0.0005042062283539174,-0.00031028075591010303,0.0027925268031909274,0.43518704175949097,-0.26992133259773254,-0.4706108868122101,-0.14460914413914822,0.040639524925361714,-0.386364688280396,0.0,0.0,0.0,0.0005042062283539174,-0.00031028075591010303,0.0027925268031909274,0.0,0.0,0.0,0.0,0.0,0.0,0.0,0.0,0.0,0.0,0.0
6.050000000000001,0.0,0.0,0.0,0.0013380857598623193,-0.0009696273622190719,0.0027925268031909274,0.43518704175949097,-0.26992133259773254,-0.4706108868122101,-0.14460914413914822,0.040639524925361714,-0.386364688280396,0.0,0.0,0.0,0.0013380857598623193,-0.0009696273622190719,0.0027925268031909274,0.0,0.0,0.0,0.0,0.0,0.0,0.0,0.0,0.0,0.0,0.0
6.1000000000000005,0.0,0.0,0.0,0.0010278050039522163,-0.0002908882086657216,0.002734349161457783,0.43518704175949097,-0.26992133259773254,-0.4706108868122101,-0.14460914413914822,0.040639524925361714,-0.386364688280396,0.0,0.0,0.0,0.0010278050039522163,-0.0002908882086657216,0.002734349161457783,0.0,0.0,0.0,0.0,0.0,0.0,0.0,0.0,0.0,0.0,0.0
6.15,0.0,0.0,0.0,0.00031028075591010303,-0.0005623838700870617,0.002637386425235876,0.43518704175949097,-0.26992133259773254,-0.4706108868122101,-0.14460914413914822,0.040639524925361714,-0.386364688280396,0.0,0.0,0.0,0.00031028075591010303,-0.0005623838700870617,0.002637386425235876,0.0,0.0,0.0,0.0,0.0,0.0,0.0,0.0,0.0,0.0,0.0
6.2,0.0,0.0,0.0,0.0002908882086657216,-0.0006399540590645875,0.0027149566142134016,0.43518704175949097,-0.26992133259773254,-0.4706108868122101,-0.14460914413914822,0.040639524925361714,-0.386364688280396,0.0,0.0,0.0,0.0002908882086657216,-0.0006399540590645875,0.0027149566142134016,0.0,0.0,0.0,0.0,0.0,0.0,0.0,0.0,0.0,0.0,0.0
6.25,0.0,0.0,0.0,-0.00017453292519943296,-0.0007369167952864946,0.002637386425235876,0.43518704175949097,-0.26992133259773254,-0.4706108868122101,-0.14460914413914822,0.040639524925361714,-0.386364688280396,0.0,0.0,0.0,-0.00017453292519943296,-0.0007369167952864946,0.002637386425235876,0.0,0.0,0.0,0.0,0.0,0.0,0.0,0.0,0.0,0.0,0.0
6.300000000000001,0.0,0.0,0.0,-0.0005429913228426803,-0.0004072434921320103,0.002637386425235876,0.43518704175949097,-0.26992133259773254,-0.4706108868122101,-0.14460914413914822,0.040639524925361714,-0.386364688280396,0.0,0.0,0.0,-0.0005429913228426803,-0.0004072434921320103,0.002637386425235876,0.0,0.0,0.0,0.0,0.0,0.0,0.0,0.0,0.0,0.0,0.0
6.3500000000000005,0.0,0.0,0.0,-0.00034906585039886593,-0.000659346606308969,0.002579208783502732,0.43518704175949097,-0.26992133259773254,-0.4706108868122101,-0.14460914413914822,0.040639524925361714,-0.386364688280396,0.0,0.0,0.0,-0.00034906585039886593,-0.000659346606308969,0.002579208783502732,0.0,0.0,0.0,0.0,0.0,0.0,0.0,0.0,0.0,0.0,0.0
6.4,0.0,0.0,0.0,-0.0009308422677303091,0.00034906585039886593,0.002617993877991494,0.43518704175949097,-0.26992133259773254,-0.4706108868122101,-0.14460914413914822,0.040639524925361714,-0.386364688280396,0.0,0.0,0.0,-0.0009308422677303091,0.00034906585039886593,0.002617993877991494,0.0,0.0,0.0,0.0,0.0,0.0,0.0,0.0,0.0,0.0,0.0
6.45,0.0,0.0,0.0,-0.0015320112323061338,0.0012217304763960308,0.002617993877991494,0.43518704175949097,-0.26992133259773254,-0.4706108868122101,-0.14460914413914822,0.040639524925361714,-0.386364688280396,0.0,0.0,0.0,-0.0015320112323061338,0.0012217304763960308,0.002617993877991494,0.0,0.0,0.0,0.0,0.0,0.0,0.0,0.0,0.0,0.0,0.0
6.5,0.0,0.0,0.0,-0.0006399540590645875,0.0011829453819072679,0.0030252373701235044,0.43518704175949097,-0.26992133259773254,-0.4706108868122101,-0.14460914413914822,0.040639524925361714,-0.386364688280396,0.0,0.0,0.0,-0.0006399540590645875,0.0011829453819072679,0.0030252373701235044,0.0,0.0,0.0,0.0,0.0,0.0,0.0,0.0,0.0,0.0,0.0
6.550000000000001,0.0,0.0,0.0,0.0007369167952864946,-0.000795094437019639,0.0032385553898117004,0.43518704175949097,-0.26992133259773254,-0.4706108868122101,-0.14460914413914822,0.040639524925361714,-0.386364688280396,0.0,0.0,0.0,0.0007369167952864946,-0.000795094437019639,0.0032385553898117004,0.0,0.0,0.0,0.0,0.0,0.0,0.0,0.0,0.0,0.0,0.0
6.6000000000000005,0.0,0.0,0.0,0.00046542113386515457,0.00017453292519943296,0.003083415011856649,0.43518704175949097,-0.26992133259773254,-0.4706108868122101,-0.14460914413914822,0.040639524925361714,-0.386364688280396,0.0,0.0,0.0,0.00046542113386515457,0.00017453292519943296,0.003083415011856649,0.0,0.0,0.0,0.0,0.0,0.0,0.0,0.0,0.0,0.0,0.0
6.65,0.0,0.0,0.0,0.0002133180196881958,0.0009696273622190719,0.0030640224646122675,0.43518704175949097,-0.26992133259773254,-0.4706108868122101,-0.14460914413914822,0.040639524925361714,-0.386364688280396,0.0,0.0,0.0,0.0002133180196881958,0.0009696273622190719,0.0030640224646122675,0.0,0.0,0.0,0.0,0.0,0.0,0.0,0.0,0.0,0.0,0.0
6.7,0.0,0.0,0.0,-0.0003684583976432473,0.0011829453819072679,0.0030252373701235044,0.43518704175949097,-0.26992133259773254,-0.4706108868122101,-0.14460914413914822,0.040639524925361714,-0.386364688280396,0.0,0.0,0.0,-0.0003684583976432473,0.0011829453819072679,0.0030252373701235044,0.0,0.0,0.0,0.0,0.0,0.0,0.0,0.0,0.0,0.0,0.0
6.75,0.0,0.0,0.0,-0.0014156559488398448,0.0024628535000364425,0.0030252373701235044,0.43518704175949097,-0.26992133259773254,-0.4706108868122101,-0.14460914413914822,0.040639524925361714,-0.386364688280396,0.0,0.0,0.0,-0.0014156559488398448,0.0024628535000364425,0.0030252373701235044,0.0,0.0,0.0,0.0,0.0,0.0,0.0,0.0,0.0,0.0,0.0
6.800000000000001,0.0,0.0,0.0,-0.0005623838700870617,0.0020943951023931952,0.0030446299173678857,0.43518704175949097,-0.26992133259773254,-0.4706108868122101,-0.14460914413914822,0.040639524925361714,-0.386364688280396,0.0,0.0,0.0,-0.0005623838700870617,0.0020943951023931952,0.0030446299173678857,0.0,0.0,0.0,0.0,0.0,0.0,0.0,0.0,0.0,0.0,0.0
6.8500000000000005,0.0,0.0,0.0,-0.0004266360393763916,-1.939254724438144e-05,0.003335518126033608,0.43518704175949097,-0.26992133259773254,-0.4706108868122101,-0.14460914413914822,0.040639524925361714,-0.386364688280396,0.0,0.0,0.0,-0.0004266360393763916,-1.939254724438144e-05,0.003335518126033608,0.0,0.0,0.0,0.0,0.0,0.0,0.0,0.0,0.0,0.0,0.0
6.9,0.0,0.0,0.0,0.00031028075591010303,-0.00017453292519943296,0.0031415926535897933,0.43518704175949097,-0.26992133259773254,-0.4706108868122101,-0.14460914413914822,0.040639524925361714,-0.386364688280396,0.0,0.0,0.0,0.00031028075591010303,-0.00017453292519943296,0.0031415926535897933,0.0,0.0,0.0,0.0,0.0,0.0,0.0,0.0,0.0,0.0,0.0
6.95,0.0,0.0,0.0,-0.0006011689645758246,0.0001939254724438144,0.003005844822879123,0.43518704175949097,-0.26992133259773254,-0.4706108868122101,-0.14460914413914822,0.040639524925361714,-0.386364688280396,0.0,0.0,0.0,-0.0006011689645758246,0.0001939254724438144,0.003005844822879123,0.0,0.0,0.0,0.0,0.0,0.0,0.0,0.0,0.0,0.0,0.0
7.0,0.0,0.0,0.0,-0.0018810770827049994,0.0008532720787527832,0.0029864522756347417,0.43518704175949097,-0.26992133259773254,-0.4706108868122101,-0.14460914413914822,0.040639524925361714,-0.386364688280396,0.0,0.0,0.0,-0.0018810770827049994,0.0008532720787527832,0.0029864522756347417,0.0,0.0,0.0,0.0,0.0,0.0,0.0,0.0,0.0,0.0,0.0
7.050000000000001,0.0,0.0,0.0,-0.0011635528346628863,0.0013962634015954637,0.0030252373701235044,0.43518704175949097,-0.26992133259773254,-0.4706108868122101,-0.14460914413914822,0.040639524925361714,-0.386364688280396,0.0,0.0,0.0,-0.0011635528346628863,0.0013962634015954637,0.0030252373701235044,0.0,0.0,0.0,0.0,0.0,0.0,0.0,0.0,0.0,0.0,0.0
7.1000000000000005,0.0,0.0,0.0,-0.001318693212617938,0.0006981317007977319,0.003083415011856649,0.43518704175949097,-0.26992133259773254,-0.4706108868122101,-0.14460914413914822,0.040639524925361714,-0.386364688280396,0.0,0.0,0.0,-0.001318693212617938,0.0006981317007977319,0.003083415011856649,0.0,0.0,0.0,0.0,0.0,0.0,0.0,0.0,0.0,0.0,0.0
7.15,0.0,0.0,0.0,-0.0004460285866207731,-0.00046542113386515457,0.0031609852008341746,0.43518704175949097,-0.26992133259773254,-0.4706108868122101,-0.14460914413914822,0.040639524925361714,-0.386364688280396,0.0,0.0,0.0,-0.0004460285866207731,-0.00046542113386515457,0.0031609852008341746,0.0,0.0,0.0,0.0,0.0,0.0,0.0,0.0,0.0,0.0,0.0
7.2,0.0,0.0,0.0,-0.0009308422677303091,-0.0003684583976432473,0.0027731342559465457,0.43518704175949097,-0.26992133259773254,-0.4706108868122101,-0.14460914413914822,0.040639524925361714,-0.386364688280396,0.0,0.0,0.0,-0.0009308422677303091,-0.0003684583976432473,0.0027731342559465457,0.0,0.0,0.0,0.0,0.0,0.0,0.0,0.0,0.0,0.0,0.0
7.25,0.0,0.0,0.0,-0.0014738335905729893,-0.0007175242480421133,0.002656778972480257,0.43518704175949097,-0.26992133259773254,-0.4706108868122101,-0.14460914413914822,0.040639524925361714,-0.386364688280396,0.0,0.0,0.0,-0.0014738335905729893,-0.0007175242480421133,0.002656778972480257,0.0,0.0,0.0,0.0,0.0,0.0,0.0,0.0,0.0,0.0,0.0
7.300000000000001,0.0,0.0,0.0,-0.0016289739685280411,-0.0011829453819072679,0.00255981623625835,0.43518704175949097,-0.26992133259773254,-0.4706108868122101,-0.14460914413914822,0.040639524925361714,-0.386364688280396,0.0,0.0,0.0,-0.0016289739685280411,-0.0011829453819072679,0.00255981623625835,0.0,0.0,0.0,0.0,0.0,0.0,0.0,0.0,0.0,0.0,0.0
7.3500000000000005,0.0,0.0,0.0,-0.0019586472716825254,-0.0013962634015954637,0.002579208783502732,0.43518704175949097,-0.26992133259773254,-0.4706108868122101,-0.14460914413914822,0.040639524925361714,-0.386364688280396,0.0,0.0,0.0,-0.0019586472716825254,-0.0013962634015954637,0.002579208783502732,0.0,0.0,0.0,0.0,0.0,0.0,0.0,0.0,0.0,0.0,0.0
7.4,0.0,0.0,0.0,-0.0012217304763960308,-0.001590188874039278,0.002617993877991494,0.43518704175949097,-0.26992133259773254,-0.4706108868122101,-0.14460914413914822,0.040639524925361714,-0.386364688280396,0.0,0.0,0.0,-0.0012217304763960308,-0.001590188874039278,0.002617993877991494,0.0,0.0,0.0,0.0,0.0,0.0,0.0,0.0,0.0,0.0,0.0
7.45,0.0,0.0,0.0,-0.0006399540590645875,-0.0010084124567078347,0.0025986013307471123,0.43518704175949097,-0.26992133259773254,-0.4706108868122101,-0.14460914413914822,0.040639524925361714,-0.386364688280396,0.0,0.0,0.0,-0.0006399540590645875,-0.0010084124567078347,0.0025986013307471123,0.0,0.0,0.0,0.0,0.0,0.0,0.0,0.0,0.0,0.0,0.0
7.5,0.0,0.0,0.0,-0.0008532720787527832,-0.0011829453819072679,0.002617993877991494,0.43518704175949097,-0.26992133259773254,-0.4706108868122101,-0.14460914413914822,0.040639524925361714,-0.386364688280396,0.0,0.0,0.0,-0.0008532720787527832,-0.0011829453819072679,0.002617993877991494,0.0,0.0,0.0,0.0,0.0,0.0,0.0,0.0,0.0,0.0,0.0
7.550000000000001,0.0,0.0,0.0,-0.0007369167952864946,-0.0011247677401741234,0.00255981623625835,0.43518704175949097,-0.26992133259773254,-0.4706108868122101,-0.14460914413914822,0.040639524925361714,-0.386364688280396,0.0,0.0,0.0,-0.0007369167952864946,-0.0011247677401741234,0.00255981623625835,0.0,0.0,0.0,0.0,0.0,0.0,0.0,0.0,0.0,0.0,0.0
7.6000000000000005,0.0,0.0,0.0,0.0003878509448876288,-0.0011635528346628863,0.00255981623625835,0.43518704175949097,-0.26992133259773254,-0.4706108868122101,-0.14460914413914822,0.040639524925361714,-0.386364688280396,0.0,0.0,0.0,0.0003878509448876288,-0.0011635528346628863,0.00255981623625835,0.0,0.0,0.0,0.0,0.0,0.0,0.0,0.0,0.0,0.0,0.0
7.65,0.0,0.0,0.0,0.00027149566142134013,-0.0012023379291516492,0.0025404236890139683,0.43518704175949097,-0.26992133259773254,-0.4706108868122101,-0.14460914413914822,0.040639524925361714,-0.386364688280396,0.0,0.0,0.0,0.00027149566142134013,-0.0012023379291516492,0.0025404236890139683,0.0,0.0,0.0,0.0,0.0,0.0,0.0,0.0,0.0,0.0,0.0
7.7,0.0,0.0,0.0,0.0002133180196881958,-0.0010471975511965976,0.0024434609527920616,0.43518704175949097,-0.26992133259773254,-0.4706108868122101,-0.14460914413914822,0.040639524925361714,-0.386364688280396,0.0,0.0,0.0,0.0002133180196881958,-0.0010471975511965976,0.0024434609527920616,0.0,0.0,0.0,0.0,0.0,0.0,0.0,0.0,0.0,0.0,0.0
7.75,0.0,0.0,0.0,0.0001939254724438144,-0.0008920571732415462,0.002385283311058917,0.43518704175949097,-0.26992133259773254,-0.4706108868122101,-0.14460914413914822,0.040639524925361714,-0.386364688280396,0.0,0.0,0.0,0.0001939254724438144,-0.0008920571732415462,0.002385283311058917,0.0,0.0,0.0,0.0,0.0,0.0,0.0,0.0,0.0,0.0,0.0
7.800000000000001,0.0,0.0,0.0,0.000659346606308969,-0.0007757018897752575,0.0023077131220813913,0.43518704175949097,-0.26992133259773254,-0.4706108868122101,-0.14460914413914822,0.040639524925361714,-0.386364688280396,0.0,0.0,0.0,0.000659346606308969,-0.0007757018897752575,0.0023077131220813913,0.0,0.0,0.0,0.0,0.0,0.0,0.0,0.0,0.0,0.0,0.0
7.8500000000000005,0.0,0.0,0.0,0.0005623838700870617,-0.0004460285866207731,0.002210750385859484,0.43518704175949097,-0.26992133259773254,-0.4706108868122101,-0.14460914413914822,0.040639524925361714,-0.386364688280396,0.0,0.0,0.0,0.0005623838700870617,-0.0004460285866207731,0.002210750385859484,0.0,0.0,0.0,0.0,0.0,0.0,0.0,0.0,0.0,0.0,0.0
7.9,0.0,0.0,0.0,0.0002908882086657216,-0.0004266360393763916,0.0020750025551488143,0.43518704175949097,-0.26992133259773254,-0.4706108868122101,-0.14460914413914822,0.040639524925361714,-0.386364688280396,0.0,0.0,0.0,0.0002908882086657216,-0.0004266360393763916,0.0020750025551488143,0.0,0.0,0.0,0.0,0.0,0.0,0.0,0.0,0.0,0.0,0.0
7.95,0.0,0.0,0.0,0.0008726646259971648,0.00046542113386515457,0.002171965291370721,0.43518704175949097,-0.26992133259773254,-0.4706108868122101,-0.14460914413914822,0.040639524925361714,-0.386364688280396,0.0,0.0,0.0,0.0008726646259971648,0.00046542113386515457,0.002171965291370721,0.0,0.0,0.0,0.0,0.0,0.0,0.0,0.0,0.0,0.0,0.0
8.0,0.0,0.0,0.0,0.000795094437019639,0.0011829453819072679,0.002249535480348247,0.43518704175949097,-0.26992133259773254,-0.4706108868122101,-0.14460914413914822,0.040639524925361714,-0.386364688280396,0.0,0.0,0.0,0.000795094437019639,0.0011829453819072679,0.002249535480348247,0.0,0.0,0.0,0.0,0.0,0.0,0.0,0.0,0.0,0.0,0.0
8.05,0.0,0.0,0.0,0.0010859826456853605,0.0018810770827049994,0.0023464982165701544,0.43518704175949097,-0.26992133259773254,-0.4706108868122101,-0.14460914413914822,0.040639524925361714,-0.386364688280396,0.0,0.0,0.0,0.0010859826456853605,0.0018810770827049994,0.0023464982165701544,0.0,0.0,0.0,0.0,0.0,0.0,0.0,0.0,0.0,0.0,0.0
8.1,0.0,0.0,0.0,0.0019780398189269068,0.0025016385945252056,0.0024240684055476798,0.43518704175949097,-0.26992133259773254,-0.4706108868122101,-0.14460914413914822,0.040639524925361714,-0.386364688280396,0.0,0.0,0.0,0.0019780398189269068,0.0025016385945252056,0.0024240684055476798,0.0,0.0,0.0,0.0,0.0,0.0,0.0,0.0,0.0,0.0,0.0
8.15,0.0,0.0,0.0,0.0023271056693257726,-5.817764173314432e-05,0.002967059728390361,0.43518704175949097,-0.26992133259773254,-0.4706108868122101,-0.14460914413914822,0.040639524925361714,-0.386364688280396,0.0,0.0,0.0,0.0023271056693257726,-5.817764173314432e-05,0.002967059728390361,0.0,0.0,0.0,0.0,0.0,0.0,0.0,0.0,0.0,0.0,0.0
8.200000000000001,0.0,0.0,0.0,0.002579208783502732,0.0005817764173314432,0.002656778972480257,0.43518704175949097,-0.26992133259773254,-0.4706108868122101,-0.14460914413914822,0.040639524925361714,-0.386364688280396,0.0,0.0,0.0,0.002579208783502732,0.0005817764173314432,0.002656778972480257,0.0,0.0,0.0,0.0,0.0,0.0,0.0,0.0,0.0,0.0,0.0
8.25,0.0,0.0,0.0,0.0007563093425308761,0.0008144869842640206,0.0022689280275926286,0.43518704175949097,-0.26992133259773254,-0.4706108868122101,-0.14460914413914822,0.040639524925361714,-0.386364688280396,0.0,0.0,0.0,0.0007563093425308761,0.0008144869842640206,0.0022689280275926286,0.0,0.0,0.0,0.0,0.0,0.0,0.0,0.0,0.0,0.0,0.0
8.3,0.0,0.0,0.0,0.0006787391535533504,0.0007563093425308761,0.0021137876496375766,0.43518704175949097,-0.26992133259773254,-0.4706108868122101,-0.14460914413914822,0.040639524925361714,-0.386364688280396,0.0,0.0,0.0,0.0006787391535533504,0.0007563093425308761,0.0021137876496375766,0.0,0.0,0.0,0.0,0.0,0.0,0.0,0.0,0.0,0.0,0.0
8.35,0.0,0.0,0.0,-0.00048481368110953597,0.001318693212617938,0.0021331801968819584,0.43518704175949097,-0.26992133259773254,-0.4706108868122101,-0.14460914413914822,0.040639524925361714,-0.386364688280396,0.0,0.0,0.0,-0.00048481368110953597,0.001318693212617938,0.0021331801968819584,0.0,0.0,0.0,0.0,0.0,0.0,0.0,0.0,0.0,0.0,0.0
8.4,0.0,0.0,0.0,-0.0012605155708847935,0.0024046758583032984,0.002171965291370721,0.43518704175949097,-0.26992133259773254,-0.4706108868122101,-0.14460914413914822,0.040639524925361714,-0.386364688280396,0.0,0.0,0.0,-0.0012605155708847935,0.0024046758583032984,0.002171965291370721,0.0,0.0,0.0,0.0,0.0,0.0,0.0,0.0,0.0,0.0,0.0
8.450000000000001,0.0,0.0,0.0,-0.0006787391535533504,0.002637386425235876,0.0020943951023931952,0.43518704175949097,-0.26992133259773254,-0.4706108868122101,-0.14460914413914822,0.040639524925361714,-0.386364688280396,0.0,0.0,0.0,-0.0006787391535533504,0.002637386425235876,0.0020943951023931952,0.0,0.0,0.0,0.0,0.0,0.0,0.0,0.0,0.0,0.0,0.0
8.5,0.0,0.0,0.0,-0.0018616845354606183,0.0032385553898117004,0.002191357838615103,0.43518704175949097,-0.26992133259773254,-0.4706108868122101,-0.14460914413914822,0.040639524925361714,-0.386364688280396,0.0,0.0,0.0,-0.0018616845354606183,0.0032385553898117004,0.002191357838615103,0.0,0.0,0.0,0.0,0.0,0.0,0.0,0.0,0.0,0.0,0.0
8.55,0.0,0.0,0.0,-0.001667759063016804,0.0032967330315448445,0.002171965291370721,0.43518704175949097,-0.26992133259773254,-0.4706108868122101,-0.14460914413914822,0.040639524925361714,-0.386364688280396,0.0,0.0,0.0,-0.001667759063016804,0.0032967330315448445,0.002171965291370721,0.0,0.0,0.0,0.0,0.0,0.0,0.0,0.0,0.0,0.0,0.0
8.6,0.0,0.0,0.0,-0.0004266360393763916,0.0019392547244381439,0.0027537417087021643,0.43518704175949097,-0.26992133259773254,-0.4706108868122101,-0.14460914413914822,0.040639524925361714,-0.386364688280396,0.0,0.0,0.0,-0.0004266360393763916,0.0019392547244381439,0.0027537417087021643,0.0,0.0,0.0,0.0,0.0,0.0,0.0,0.0,0.0,0.0,0.0
8.65,0.0,0.0,0.0,0.0013962634015954637,-0.0018810770827049994,0.003451873409499896,0.43518704175949097,-0.26992133259773254,-0.4706108868122101,-0.14460914413914822,0.040639524925361714,-0.386364688280396,0.0,0.0,0.0,0.0013962634015954637,-0.0018810770827049994,0.003451873409499896,0.0,0.0,0.0,0.0,0.0,0.0,0.0,0.0,0.0,0.0,0.0
8.700000000000001,0.0,0.0,0.0,0.001551403779550515,-0.002191357838615103,0.0030446299173678857,0.43518704175949097,-0.26992133259773254,-0.4706108868122101,-0.14460914413914822,0.040639524925361714,-0.386364688280396,0.0,0.0,0.0,0.001551403779550515,-0.002191357838615103,0.0030446299173678857,0.0,0.0,0.0,0.0,0.0,0.0,0.0,0.0,0.0,0.0,0.0
8.75,0.0,0.0,0.0,-0.0008532720787527832,-0.0015320112323061338,0.0028119193504353088,0.43518704175949097,-0.26992133259773254,-0.4706108868122101,-0.14460914413914822,0.040639524925361714,-0.386364688280396,0.0,0.0,0.0,-0.0008532720787527832,-0.0015320112323061338,0.0028119193504353088,0.0,0.0,0.0,0.0,0.0,0.0,0.0,0.0,0.0,0.0,0.0
8.8,0.0,0.0,0.0,0.00015514037795505151,-0.0014738335905729893,0.002734349161457783,0.43518704175949097,-0.26992133259773254,-0.4706108868122101,-0.14460914413914822,0.040639524925361714,-0.386364688280396,0.0,0.0,0.0,0.00015514037795505151,-0.0014738335905729893,0.002734349161457783,0.0,0.0,0.0,0.0,0.0,0.0,0.0,0.0,0.0,0.0,0.0
8.85,0.0,0.0,0.0,-0.0014738335905729893,-0.0009890199094634534,0.0025986013307471123,0.43518704175949097,-0.26992133259773254,-0.4706108868122101,-0.14460914413914822,0.040639524925361714,-0.386364688280396,0.0,0.0,0.0,-0.0014738335905729893,-0.0009890199094634534,0.0025986013307471123,0.0,0.0,0.0,0.0,0.0,0.0,0.0,0.0,0.0,0.0,0.0
8.9,0.0,0.0,0.0,-0.001105375192929742,-1.939254724438144e-05,0.002617993877991494,0.43518704175949097,-0.26992133259773254,-0.4706108868122101,-0.14460914413914822,0.040639524925361714,-0.386364688280396,0.0,0.0,0.0,-0.001105375192929742,-1.939254724438144e-05,0.002617993877991494,0.0,0.0,0.0,0.0,0.0,0.0,0.0,0.0,0.0,0.0,0.0
8.950000000000001,0.0,0.0,0.0,-0.000659346606308969,-0.0006011689645758246,0.0029282746339015973,0.43518704175949097,-0.26992133259773254,-0.4706108868122101,-0.14460914413914822,0.040639524925361714,-0.386364688280396,0.0,0.0,0.0,-0.000659346606308969,-0.0006011689645758246,0.0029282746339015973,0.0,0.0,0.0,0.0,0.0,0.0,0.0,0.0,0.0,0.0,0.0
9.0,0.0,0.0,0.0,-0.00013574783071067007,-0.0018228994409718554,0.003083415011856649,0.43518704175949097,-0.26992133259773254,-0.4706108868122101,-0.14460914413914822,0.040639524925361714,-0.386364688280396,0.0,0.0,0.0,-0.00013574783071067007,-0.0018228994409718554,0.003083415011856649,0.0,0.0,0.0,0.0,0.0,0.0,0.0,0.0,0.0,0.0,0.0
9.05,0.0,0.0,0.0,-0.0007175242480421133,-0.0013574783071067008,0.0030252373701235044,0.43518704175949097,-0.26992133259773254,-0.4706108868122101,-0.14460914413914822,0.040639524925361714,-0.386364688280396,0.0,0.0,0.0,-0.0007175242480421133,-0.0013574783071067008,0.0030252373701235044,0.0,0.0,0.0,0.0,0.0,0.0,0.0,0.0,0.0,0.0,0.0
9.1,0.0,0.0,0.0,-0.001667759063016804,-0.0011635528346628863,0.0027537417087021643,0.43518704175949097,-0.26992133259773254,-0.4706108868122101,-0.14460914413914822,0.040639524925361714,-0.386364688280396,0.0,0.0,0.0,-0.001667759063016804,-0.0011635528346628863,0.0027537417087021643,0.0,0.0,0.0,0.0,0.0,0.0,0.0,0.0,0.0,0.0,0.0
9.15,0.0,0.0,0.0,-0.0008532720787527832,-0.0012023379291516492,0.0028507044449240715,0.43518704175949097,-0.26992133259773254,-0.4706108868122101,-0.14460914413914822,0.040639524925361714,-0.386364688280396,0.0,0.0,0.0,-0.0008532720787527832,-0.0012023379291516492,0.0028507044449240715,0.0,0.0,0.0,0.0,0.0,0.0,0.0,0.0,0.0,0.0,0.0
9.200000000000001,0.0,0.0,0.0,-0.0012411230236404121,-0.0013574783071067008,0.003005844822879123,0.43518704175949097,-0.26992133259773254,-0.4706108868122101,-0.14460914413914822,0.040639524925361714,-0.386364688280396,0.0,0.0,0.0,-0.0012411230236404121,-0.0013574783071067008,0.003005844822879123,0.0,0.0,0.0,0.0,0.0,0.0,0.0,0.0,0.0,0.0,0.0
9.25,0.0,0.0,0.0,-0.0009114497204859277,-0.0009308422677303091,0.0029476671811459786,0.43518704175949097,-0.26992133259773254,-0.4706108868122101,-0.14460914413914822,0.040639524925361714,-0.386364688280396,0.0,0.0,0.0,-0.0009114497204859277,-0.0009308422677303091,0.0029476671811459786,0.0,0.0,0.0,0.0,0.0,0.0,0.0,0.0,0.0,0.0,0.0
9.3,0.0,0.0,0.0,-0.000795094437019639,-0.0009114497204859277,0.0029476671811459786,0.43518704175949097,-0.26992133259773254,-0.4706108868122101,-0.14460914413914822,0.040639524925361714,-0.386364688280396,0.0,0.0,0.0,-0.000795094437019639,-0.0009114497204859277,0.0029476671811459786,0.0,0.0,0.0,0.0,0.0,0.0,0.0,0.0,0.0,0.0,0.0
9.35,0.0,0.0,0.0,-0.0007563093425308761,-0.0009696273622190719,0.0029088820866572155,0.43518704175949097,-0.26992133259773254,-0.4706108868122101,-0.14460914413914822,0.040639524925361714,-0.386364688280396,0.0,0.0,0.0,-0.0007563093425308761,-0.0009696273622190719,0.0029088820866572155,0.0,0.0,0.0,0.0,0.0,0.0,0.0,0.0,0.0,0.0,0.0
9.4,0.0,0.0,0.0,-0.001725936704749948,-0.0003878509448876288,0.002889489539412835,0.43518704175949097,-0.26992133259773254,-0.4706108868122101,-0.14460914413914822,0.040639524925361714,-0.386364688280396,0.0,0.0,0.0,-0.001725936704749948,-0.0003878509448876288,0.002889489539412835,0.0,0.0,0.0,0.0,0.0,0.0,0.0,0.0,0.0,0.0,0.0
9.450000000000001,0.0,0.0,0.0,-0.00034906585039886593,0.0002908882086657216,0.0030252373701235044,0.43518704175949097,-0.26992133259773254,-0.4706108868122101,-0.14460914413914822,0.040639524925361714,-0.386364688280396,0.0,0.0,0.0,-0.00034906585039886593,0.0002908882086657216,0.0030252373701235044,0.0,0.0,0.0,0.0,0.0,0.0,0.0,0.0,0.0,0.0,0.0
9.5,0.0,0.0,0.0,-0.0012411230236404121,0.0021137876496375766,0.0030640224646122675,0.43518704175949097,-0.26992133259773254,-0.4706108868122101,-0.14460914413914822,0.040639524925361714,-0.386364688280396,0.0,0.0,0.0,-0.0012411230236404121,0.0021137876496375766,0.0030640224646122675,0.0,0.0,0.0,0.0,0.0,0.0,0.0,0.0,0.0,0.0,0.0
9.55,0.0,0.0,0.0,-0.0003296733031544845,0.0016289739685280411,0.0032773404843004627,0.43518704175949097,-0.26992133259773254,-0.4706108868122101,-0.14460914413914822,0.040639524925361714,-0.386364688280396,0.0,0.0,0.0,-0.0003296733031544845,0.0016289739685280411,0.0032773404843004627,0.0,0.0,0.0,0.0,0.0,0.0,0.0,0.0,0.0,0.0,0.0
9.600000000000001,0.0,0.0,0.0,0.0003296733031544845,5.817764173314432e-05,0.0036651914291880917,0.43518704175949097,-0.26992133259773254,-0.4706108868122101,-0.14460914413914822,0.040639524925361714,-0.386364688280396,0.0,0.0,0.0,0.0003296733031544845,5.817764173314432e-05,0.0036651914291880917,0.0,0.0,0.0,0.0,0.0,0.0,0.0,0.0,0.0,0.0,0.0
9.65,0.0,0.0,0.0,-0.0004072434921320103,0.0003878509448876288,0.0032967330315448445,0.43518704175949097,-0.26992133259773254,-0.4706108868122101,-0.14460914413914822,0.040639524925361714,-0.386364688280396,0.0,0.0,0.0,-0.0004072434921320103,0.0003878509448876288,0.0032967330315448445,0.0,0.0,0.0,0.0,0.0,0.0,0.0,0.0,0.0,0.0,0.0
9.700000000000001,0.0,0.0,0.0,-9.69627362219072e-05,0.0009696273622190719,0.0029282746339015973,0.43518704175949097,-0.26992133259773254,-0.4706108868122101,-0.14460914413914822,0.040639524925361714,-0.386364688280396,0.0,0.0,0.0,-9.69627362219072e-05,0.0009696273622190719,0.0029282746339015973,0.0,0.0,0.0,0.0,0.0,0.0,0.0,0.0,0.0,0.0,0.0
9.75,0.0,0.0,0.0,-9.69627362219072e-05,0.0009696273622190719,0.0029282746339015973,0.43518704175949097,-0.26992133259773254,-0.4706108868122101,-0.14460914413914822,0.040639524925361714,-0.386364688280396,0.0,0.0,0.0,-9.69627362219072e-05,0.0009696273622190719,0.0029282746339015973,0.0,0.0,0.0,0.0,0.0,0.0,0.0,0.0,0.0,0.0,0.0
9.8,0.0,0.0,0.0,-0.0006787391535533504,5.817764173314432e-05,0.0024822460472808242,0.43518704175949097,-0.26992133259773254,-0.4706108868122101,-0.14460914413914822,0.040639524925361714,-0.386364688280396,0.0,0.0,0.0,-0.0006787391535533504,5.817764173314432e-05,0.0024822460472808242,0.0,0.0,0.0,0.0,0.0,0.0,0.0,0.0,0.0,0.0,0.0
9.850000000000001,0.0,0.0,0.0,-0.0005235987755982988,0.0008726646259971648,0.0024628535000364425,0.43518704175949097,-0.26992133259773254,-0.4706108868122101,-0.14460914413914822,0.040639524925361714,-0.386364688280396,0.0,0.0,0.0,-0.0005235987755982988,0.0008726646259971648,0.0024628535000364425,0.0,0.0,0.0,0.0,0.0,0.0,0.0,0.0,0.0,0.0,0.0
9.9,0.0,0.0,0.0,-0.0009890199094634534,0.001764721799238711,0.002579208783502732,0.43518704175949097,-0.26992133259773254,-0.4706108868122101,-0.14460914413914822,0.040639524925361714,-0.386364688280396,0.0,0.0,0.0,-0.0009890199094634534,0.001764721799238711,0.002579208783502732,0.0,0.0,0.0,0.0,0.0,0.0,0.0,0.0,0.0,0.0,0.0
9.950000000000001,0.0,0.0,0.0,-0.000833879531508402,0.0019198621771937623,0.00269556406696902,0.43518704175949097,-0.26992133259773254,-0.4706108868122101,-0.14460914413914822,0.040639524925361714,-0.386364688280396,0.0,0.0,0.0,-0.000833879531508402,0.0019198621771937623,0.00269556406696902,0.0,0.0,0.0,0.0,0.0,0.0,0.0,0.0,0.0,0.0,0.0
10.0,0.0,0.0,0.0,-0.0006399540590645875,0.002967059728390361,0.0027925268031909274,0.43518704175949097,-0.26992133259773254,-0.4706108868122101,-0.14460914413914822,0.040639524925361714,-0.386364688280396,0.0,0.0,0.0,-0.0006399540590645875,0.002967059728390361,0.0027925268031909274,0.0,0.0,0.0,0.0,0.0,0.0,0.0,0.0,0.0,0.0,0.0
10.05,0.0,0.0,0.0,-0.0010471975511965976,0.003083415011856649,0.002889489539412835,0.43518704175949097,-0.26992133259773254,-0.4706108868122101,-0.14460914413914822,0.040639524925361714,-0.386364688280396,0.0,0.0,0.0,-0.0010471975511965976,0.003083415011856649,0.002889489539412835,0.0,0.0,0.0,0.0,0.0,0.0,0.0,0.0,0.0,0.0,0.0
10.100000000000001,0.0,0.0,0.0,0.0003296733031544845,0.002889489539412835,0.003122200106345411,0.43518704175949097,-0.26992133259773254,-0.4706108868122101,-0.14460914413914822,0.040639524925361714,-0.386364688280396,0.0,0.0,0.0,0.0003296733031544845,0.002889489539412835,0.003122200106345411,0.0,0.0,0.0,0.0,0.0,0.0,0.0,0.0,0.0,0.0,0.0
10.15,0.0,0.0,0.0,0.0011247677401741234,0.00011635528346628864,0.0037427616181656175,0.43518704175949097,-0.26992133259773254,-0.4706108868122101,-0.14460914413914822,0.040639524925361714,-0.386364688280396,0.0,0.0,0.0,0.0011247677401741234,0.00011635528346628864,0.0037427616181656175,0.0,0.0,0.0,0.0,0.0,0.0,0.0,0.0,0.0,0.0,0.0
10.200000000000001,0.0,0.0,0.0,0.0015707963267948967,1.939254724438144e-05,0.0031415926535897933,0.43518704175949097,-0.26992133259773254,-0.4706108868122101,-0.14460914413914822,0.040639524925361714,-0.386364688280396,0.0,0.0,0.0,0.0015707963267948967,1.939254724438144e-05,0.0031415926535897933,0.0,0.0,0.0,0.0,0.0,0.0,0.0,0.0,0.0,0.0,0.0
10.25,0.0,0.0,0.0,0.0006011689645758246,-0.0004460285866207731,0.002656778972480257,0.43518704175949097,-0.26992133259773254,-0.4706108868122101,-0.14460914413914822,0.040639524925361714,-0.386364688280396,0.0,0.0,0.0,0.0006011689645758246,-0.0004460285866207731,0.002656778972480257,0.0,0.0,0.0,0.0,0.0,0.0,0.0,0.0,0.0,0.0,0.0
10.3,0.0,0.0,0.0,-0.0004072434921320103,-0.0006787391535533504,0.0022689280275926286,0.43518704175949097,-0.26992133259773254,-0.4706108868122101,-0.14460914413914822,0.040639524925361714,-0.386364688280396,0.0,0.0,0.0,-0.0004072434921320103,-0.0006787391535533504,0.0022689280275926286,0.0,0.0,0.0,0.0,0.0,0.0,0.0,0.0,0.0,0.0,0.0
10.350000000000001,0.0,0.0,0.0,-0.0005042062283539174,-0.0014156559488398448,0.0021137876496375766,0.43518704175949097,-0.26992133259773254,-0.4706108868122101,-0.14460914413914822,0.040639524925361714,-0.386364688280396,0.0,0.0,0.0,-0.0005042062283539174,-0.0014156559488398448,0.0021137876496375766,0.0,0.0,0.0,0.0,0.0,0.0,0.0,0.0,0.0,0.0,0.0
10.4,0.0,0.0,0.0,-0.0010471975511965976,-0.0013962634015954637,0.0021137876496375766,0.43518704175949097,-0.26992133259773254,-0.4706108868122101,-0.14460914413914822,0.040639524925361714,-0.386364688280396,0.0,0.0,0.0,-0.0010471975511965976,-0.0013962634015954637,0.0021137876496375766,0.0,0.0,0.0,0.0,0.0,0.0,0.0,0.0,0.0,0.0,0.0
10.450000000000001,0.0,0.0,0.0,-0.0003684583976432473,-0.0014544410433286077,0.0020943951023931952,0.43518704175949097,-0.26992133259773254,-0.4706108868122101,-0.14460914413914822,0.040639524925361714,-0.386364688280396,0.0,0.0,0.0,-0.0003684583976432473,-0.0014544410433286077,0.0020943951023931952,0.0,0.0,0.0,0.0,0.0,0.0,0.0,0.0,0.0,0.0,0.0
10.5,0.0,0.0,0.0,-0.001279908118129175,-0.000659346606308969,0.002230142933103865,0.43518704175949097,-0.26992133259773254,-0.4706108868122101,-0.14460914413914822,0.040639524925361714,-0.386364688280396,0.0,0.0,0.0,-0.001279908118129175,-0.000659346606308969,0.002230142933103865,0.0,0.0,0.0,0.0,0.0,0.0,0.0,0.0,0.0,0.0,0.0
10.55,0.0,0.0,0.0,-0.0004072434921320103,3.878509448876288e-05,0.0023658907638145358,0.43518704175949097,-0.26992133259773254,-0.4706108868122101,-0.14460914413914822,0.040639524925361714,-0.386364688280396,0.0,0.0,0.0,-0.0004072434921320103,3.878509448876288e-05,0.0023658907638145358,0.0,0.0,0.0,0.0,0.0,0.0,0.0,0.0,0.0,0.0,0.0
10.600000000000001,0.0,0.0,0.0,-0.0005817764173314432,0.00034906585039886593,0.0024434609527920616,0.43518704175949097,-0.26992133259773254,-0.4706108868122101,-0.14460914413914822,0.040639524925361714,-0.386364688280396,0.0,0.0,0.0,-0.0005817764173314432,0.00034906585039886593,0.0024434609527920616,0.0,0.0,0.0,0.0,0.0,0.0,0.0,0.0,0.0,0.0,0.0
10.65,0.0,0.0,0.0,-0.0010665900984409792,0.0014544410433286077,0.0025016385945252056,0.43518704175949097,-0.26992133259773254,-0.4706108868122101,-0.14460914413914822,0.040639524925361714,-0.386364688280396,0.0,0.0,0.0,-0.0010665900984409792,0.0014544410433286077,0.0025016385945252056,0.0,0.0,0.0,0.0,0.0,0.0,0.0,0.0,0.0,0.0,0.0
10.700000000000001,0.0,0.0,0.0,0.0012993006653735561,-0.00031028075591010303,0.0029282746339015973,0.43518704175949097,-0.26992133259773254,-0.4706108868122101,-0.14460914413914822,0.040639524925361714,-0.386364688280396,0.0,0.0,0.0,0.0012993006653735561,-0.00031028075591010303,0.0029282746339015973,0.0,0.0,0.0,0.0,0.0,0.0,0.0,0.0,0.0,0.0,0.0
10.75,0.0,0.0,0.0,0.0011247677401741234,-0.001144160287418505,0.003199770295322937,0.43518704175949097,-0.26992133259773254,-0.4706108868122101,-0.14460914413914822,0.040639524925361714,-0.386364688280396,0.0,0.0,0.0,0.0011247677401741234,-0.001144160287418505,0.003199770295322937,0.0,0.0,0.0,0.0,0.0,0.0,0.0,0.0,0.0,0.0,0.0
10.8,0.0,0.0,0.0,0.0003296733031544845,-0.0005817764173314432,0.0027537417087021643,0.43518704175949097,-0.26992133259773254,-0.4706108868122101,-0.14460914413914822,0.040639524925361714,-0.386364688280396,0.0,0.0,0.0,0.0003296733031544845,-0.0005817764173314432,0.0027537417087021643,0.0,0.0,0.0,0.0,0.0,0.0,0.0,0.0,0.0,0.0,0.0
10.850000000000001,0.0,0.0,0.0,-0.00015514037795505151,-0.0005817764173314432,0.0024240684055476798,0.43518704175949097,-0.26992133259773254,-0.4706108868122101,-0.14460914413914822,0.040639524925361714,-0.386364688280396,0.0,0.0,0.0,-0.00015514037795505151,-0.0005817764173314432,0.0024240684055476798,0.0,0.0,0.0,0.0,0.0,0.0,0.0,0.0,0.0,0.0,0.0
10.9,0.0,0.0,0.0,1.939254724438144e-05,-0.0007175242480421133,0.002385283311058917,0.43518704175949097,-0.26992133259773254,-0.4706108868122101,-0.14460914413914822,0.040639524925361714,-0.386364688280396,0.0,0.0,0.0,1.939254724438144e-05,-0.0007175242480421133,0.002385283311058917,0.0,0.0,0.0,0.0,0.0,0.0,0.0,0.0,0.0,0.0,0.0
10.950000000000001,0.0,0.0,0.0,-0.0005235987755982988,-0.0011829453819072679,0.00228832057483701,0.43518704175949097,-0.26992133259773254,-0.4706108868122101,-0.14460914413914822,0.040639524925361714,-0.386364688280396,0.0,0.0,0.0,-0.0005235987755982988,-0.0011829453819072679,0.00228832057483701,0.0,0.0,0.0,0.0,0.0,0.0,0.0,0.0,0.0,0.0,0.0
11.0,0.0,0.0,0.0,-0.000833879531508402,-0.0006399540590645875,0.002210750385859484,0.43518704175949097,-0.26992133259773254,-0.4706108868122101,-0.14460914413914822,0.040639524925361714,-0.386364688280396,0.0,0.0,0.0,-0.000833879531508402,-0.0006399540590645875,0.002210750385859484,0.0,0.0,0.0,0.0,0.0,0.0,0.0,0.0,0.0,0.0,0.0
11.05,0.0,0.0,0.0,-0.0010859826456853605,-0.0006205615118202061,0.0023271056693257726,0.43518704175949097,-0.26992133259773254,-0.4706108868122101,-0.14460914413914822,0.040639524925361714,-0.386364688280396,0.0,0.0,0.0,-0.0010859826456853605,-0.0006205615118202061,0.0023271056693257726,0.0,0.0,0.0,0.0,0.0,0.0,0.0,0.0,0.0,0.0,0.0
11.100000000000001,0.0,0.0,0.0,-5.817764173314432e-05,0.0007175242480421133,0.0024046758583032984,0.43518704175949097,-0.26992133259773254,-0.4706108868122101,-0.14460914413914822,0.040639524925361714,-0.386364688280396,0.0,0.0,0.0,-5.817764173314432e-05,0.0007175242480421133,0.0024046758583032984,0.0,0.0,0.0,0.0,0.0,0.0,0.0,0.0,0.0,0.0,0.0
11.15,0.0,0.0,0.0,7.757018897752576e-05,0.0014350484960842266,0.0024628535000364425,0.43518704175949097,-0.26992133259773254,-0.4706108868122101,-0.14460914413914822,0.040639524925361714,-0.386364688280396,0.0,0.0,0.0,7.757018897752576e-05,0.0014350484960842266,0.0024628535000364425,0.0,0.0,0.0,0.0,0.0,0.0,0.0,0.0,0.0,0.0,0.0
11.200000000000001,0.0,0.0,0.0,-0.0014932261378173709,0.0027537417087021643,0.0025404236890139683,0.43518704175949097,-0.26992133259773254,-0.4706108868122101,-0.14460914413914822,0.040639524925361714,-0.386364688280396,0.0,0.0,0.0,-0.0014932261378173709,0.0027537417087021643,0.0025404236890139683,0.0,0.0,0.0,0.0,0.0,0.0,0.0,0.0,0.0,0.0,0.0
11.25,0.0,0.0,0.0,0.0018810770827049994,0.0033936957677667516,0.0027925268031909274,0.43518704175949097,-0.26992133259773254,-0.4706108868122101,-0.14460914413914822,0.040639524925361714,-0.386364688280396,0.0,0.0,0.0,0.0018810770827049994,0.0033936957677667516,0.0027925268031909274,0.0,0.0,0.0,0.0,0.0,0.0,0.0,0.0,0.0,0.0,0.0
11.3,0.0,0.0,0.0,0.003316125578789226,-0.001279908118129175,0.0037233690709212366,0.43518704175949097,-0.26992133259773254,-0.4706108868122101,-0.14460914413914822,0.040639524925361714,-0.386364688280396,0.0,0.0,0.0,0.003316125578789226,-0.001279908118129175,0.0037233690709212366,0.0,0.0,0.0,0.0,0.0,0.0,0.0,0.0,0.0,0.0,0.0
11.350000000000001,0.0,0.0,0.0,0.0032385553898117004,3.878509448876288e-05,0.0036651914291880917,0.43518704175949097,-0.26992133259773254,-0.4706108868122101,-0.14460914413914822,0.040639524925361714,-0.386364688280396,0.0,0.0,0.0,0.0032385553898117004,3.878509448876288e-05,0.0036651914291880917,0.0,0.0,0.0,0.0,0.0,0.0,0.0,0.0,0.0,0.0,0.0
11.4,0.0,0.0,0.0,0.003413088315011133,-0.00046542113386515457,0.0034324808622555147,0.43518704175949097,-0.26992133259773254,-0.4706108868122101,-0.14460914413914822,0.040639524925361714,-0.386364688280396,0.0,0.0,0.0,0.003413088315011133,-0.00046542113386515457,0.0034324808622555147,0.0,0.0,0.0,0.0,0.0,0.0,0.0,0.0,0.0,0.0,0.0
11.450000000000001,0.0,0.0,0.0,-5.817764173314432e-05,0.0005817764173314432,0.0032191628425673187,0.43518704175949097,-0.26992133259773254,-0.4706108868122101,-0.14460914413914822,0.040639524925361714,-0.386364688280396,0.0,0.0,0.0,-5.817764173314432e-05,0.0005817764173314432,0.0032191628425673187,0.0,0.0,0.0,0.0,0.0,0.0,0.0,0.0,0.0,0.0,0.0
11.5,0.0,0.0,0.0,-0.0003296733031544845,0.0010665900984409792,0.0031609852008341746,0.43518704175949097,-0.26992133259773254,-0.4706108868122101,-0.14460914413914822,0.040639524925361714,-0.386364688280396,0.0,0.0,0.0,-0.0003296733031544845,0.0010665900984409792,0.0031609852008341746,0.0,0.0,0.0,0.0,0.0,0.0,0.0,0.0,0.0,0.0,0.0
11.55,0.0,0.0,0.0,0.00017453292519943296,0.0009890199094634534,0.0032191628425673187,0.43518704175949097,-0.26992133259773254,-0.4706108868122101,-0.14460914413914822,0.040639524925361714,-0.386364688280396,0.0,0.0,0.0,0.00017453292519943296,0.0009890199094634534,0.0032191628425673187,0.0,0.0,0.0,0.0,0.0,0.0,0.0,0.0,0.0,0.0,0.0
11.600000000000001,0.0,0.0,0.0,-0.0007369167952864946,0.0024046758583032984,0.003199770295322937,0.43518704175949097,-0.26992133259773254,-0.4706108868122101,-0.14460914413914822,0.040639524925361714,-0.386364688280396,0.0,0.0,0.0,-0.0007369167952864946,0.0024046758583032984,0.003199770295322937,0.0,0.0,0.0,0.0,0.0,0.0,0.0,0.0,0.0,0.0,0.0
11.65,0.0,0.0,0.0,-0.0001939254724438144,0.0017453292519943296,0.003413088315011133,0.43518704175949097,-0.26992133259773254,-0.4706108868122101,-0.14460914413914822,0.040639524925361714,-0.386364688280396,0.0,0.0,0.0,-0.0001939254724438144,0.0017453292519943296,0.003413088315011133,0.0,0.0,0.0,0.0,0.0,0.0,0.0,0.0,0.0,0.0,0.0
11.700000000000001,0.0,0.0,0.0,0.0007757018897752575,-0.0010665900984409792,0.003994864732342576,0.43518704175949097,-0.26992133259773254,-0.4706108868122101,-0.14460914413914822,0.040639524925361714,-0.386364688280396,0.0,0.0,0.0,0.0007757018897752575,-0.0010665900984409792,0.003994864732342576,0.0,0.0,0.0,0.0,0.0,0.0,0.0,0.0,0.0,0.0,0.0
11.75,0.0,0.0,0.0,0.00015514037795505151,-0.0006787391535533504,0.003684583976432474,0.43518704175949097,-0.26992133259773254,-0.4706108868122101,-0.14460914413914822,0.040639524925361714,-0.386364688280396,0.0,0.0,0.0,0.00015514037795505151,-0.0006787391535533504,0.003684583976432474,0.0,0.0,0.0,0.0,0.0,0.0,0.0,0.0,0.0,0.0,0.0
11.8,0.0,0.0,0.0,0.0009114497204859277,-0.0012023379291516492,0.003684583976432474,0.43518704175949097,-0.26992133259773254,-0.4706108868122101,-0.14460914413914822,0.040639524925361714,-0.386364688280396,0.0,0.0,0.0,0.0009114497204859277,-0.0012023379291516492,0.003684583976432474,0.0,0.0,0.0,0.0,0.0,0.0,0.0,0.0,0.0,0.0,0.0
11.850000000000001,0.0,0.0,0.0,-0.001551403779550515,0.0005623838700870617,0.0036264063346993294,0.43518704175949097,-0.26992133259773254,-0.4706108868122101,-0.14460914413914822,0.040639524925361714,-0.386364688280396,0.0,0.0,0.0,-0.001551403779550515,0.0005623838700870617,0.0036264063346993294,0.0,0.0,0.0,0.0,0.0,0.0,0.0,0.0,0.0,0.0,0.0
11.9,0.0,0.0,0.0,-0.0017841143464830925,-0.0002521031141769587,0.0037427616181656175,0.43518704175949097,-0.26992133259773254,-0.4706108868122101,-0.14460914413914822,0.040639524925361714,-0.386364688280396,0.0,0.0,0.0,-0.0017841143464830925,-0.0002521031141769587,0.0037427616181656175,0.0,0.0,0.0,0.0,0.0,0.0,0.0,0.0,0.0,0.0,0.0
11.950000000000001,0.0,0.0,0.0,-0.002521031141769587,-0.00023271056693257729,0.0036457988819437108,0.43518704175949097,-0.26992133259773254,-0.4706108868122101,-0.14460914413914822,0.040639524925361714,-0.386364688280396,0.0,0.0,0.0,-0.002521031141769587,-0.00023271056693257729,0.0036457988819437108,0.0,0.0,0.0,0.0,0.0,0.0,0.0,0.0,0.0,0.0,0.0
12.0,0.0,0.0,0.0,-0.00046542113386515457,0.00015514037795505151,0.0037427616181656175,0.43518704175949097,-0.26992133259773254,-0.4706108868122101,-0.14460914413914822,0.040639524925361714,-0.386364688280396,0.0,0.0,0.0,-0.00046542113386515457,0.00015514037795505151,0.0037427616181656175,0.0,0.0,0.0,0.0,0.0,0.0,0.0,0.0,0.0,0.0,0.0
12.05,0.0,0.0,0.0,-0.0008920571732415462,-0.0020750025551488143,0.004285752941008298,0.43518704175949097,-0.26992133259773254,-0.4706108868122101,-0.14460914413914822,0.040639524925361714,-0.386364688280396,0.0,0.0,0.0,-0.0008920571732415462,-0.0020750025551488143,0.004285752941008298,0.0,0.0,0.0,0.0,0.0,0.0,0.0,0.0,0.0,0.0,0.0
12.100000000000001,0.0,0.0,0.0,-0.0011829453819072679,-0.002249535480348247,0.004363323129985824,0.43518704175949097,-0.26992133259773254,-0.4706108868122101,-0.14460914413914822,0.040639524925361714,-0.386364688280396,0.0,0.0,0.0,-0.0011829453819072679,-0.002249535480348247,0.004363323129985824,0.0,0.0,0.0,0.0,0.0,0.0,0.0,0.0,0.0,0.0,0.0
12.15,0.0,0.0,0.0,0.00023271056693257729,-0.0018035068937274738,0.004150005110297629,0.43518704175949097,-0.26992133259773254,-0.4706108868122101,-0.14460914413914822,0.040639524925361714,-0.386364688280396,0.0,0.0,0.0,0.00023271056693257729,-0.0018035068937274738,0.004150005110297629,0.0,0.0,0.0,0.0,0.0,0.0,0.0,0.0,0.0,0.0,0.0
12.200000000000001,0.0,0.0,0.0,-0.001764721799238711,-0.0007369167952864946,0.0041887902047863905,0.43518704175949097,-0.26992133259773254,-0.4706108868122101,-0.14460914413914822,0.040639524925361714,-0.386364688280396,0.0,0.0,0.0,-0.001764721799238711,-0.0007369167952864946,0.0041887902047863905,0.0,0.0,0.0,0.0,0.0,0.0,0.0,0.0,0.0,0.0,0.0
12.25,0.0,0.0,0.0,-0.0004266360393763916,1.939254724438144e-05,0.004285752941008298,0.43518704175949097,-0.26992133259773254,-0.4706108868122101,-0.14460914413914822,0.040639524925361714,-0.386364688280396,0.0,0.0,0.0,-0.0004266360393763916,1.939254724438144e-05,0.004285752941008298,0.0,0.0,0.0,0.0,0.0,0.0,0.0,0.0,0.0,0.0,0.0
12.3,0.0,0.0,0.0,-0.0010471975511965976,-0.0012023379291516492,0.004789959169362215,0.43518704175949097,-0.26992133259773254,-0.4706108868122101,-0.14460914413914822,0.040639524925361714,-0.386364688280396,0.0,0.0,0.0,-0.0010471975511965976,-0.0012023379291516492,0.004789959169362215,0.0,0.0,0.0,0.0,0.0,0.0,0.0,0.0,0.0,0.0,0.0
12.350000000000001,0.0,0.0,0.0,0.0005817764173314432,-0.0013962634015954637,0.004654211338651545,0.43518704175949097,-0.26992133259773254,-0.4706108868122101,-0.14460914413914822,0.040639524925361714,-0.386364688280396,0.0,0.0,0.0,0.0005817764173314432,-0.0013962634015954637,0.004654211338651545,0.0,0.0,0.0,0.0,0.0,0.0,0.0,0.0,0.0,0.0,0.0
12.4,0.0,0.0,0.0,-0.0010859826456853605,-0.000795094437019639,0.004227575299275153,0.43518704175949097,-0.26992133259773254,-0.4706108868122101,-0.14460914413914822,0.040639524925361714,-0.386364688280396,0.0,0.0,0.0,-0.0010859826456853605,-0.000795094437019639,0.004227575299275153,0.0,0.0,0.0,0.0,0.0,0.0,0.0,0.0,0.0,0.0,0.0
12.450000000000001,0.0,0.0,0.0,-0.0009890199094634534,-0.0010084124567078347,0.004208182752030772,0.43518704175949097,-0.26992133259773254,-0.4706108868122101,-0.14460914413914822,0.040639524925361714,-0.386364688280396,0.0,0.0,0.0,-0.0009890199094634534,-0.0010084124567078347,0.004208182752030772,0.0,0.0,0.0,0.0,0.0,0.0,0.0,0.0,0.0,0.0,0.0
12.5,0.0,0.0,0.0,-0.0007175242480421133,-0.0011829453819072679,0.004150005110297629,0.43518704175949097,-0.26992133259773254,-0.4706108868122101,-0.14460914413914822,0.040639524925361714,-0.386364688280396,0.0,0.0,0.0,-0.0007175242480421133,-0.0011829453819072679,0.004150005110297629,0.0,0.0,0.0,0.0,0.0,0.0,0.0,0.0,0.0,0.0,0.0
12.55,0.0,0.0,0.0,-0.0015707963267948967,-0.0011247677401741234,0.003975472185098195,0.43518704175949097,-0.26992133259773254,-0.4706108868122101,-0.14460914413914822,0.040639524925361714,-0.386364688280396,0.0,0.0,0.0,-0.0015707963267948967,-0.0011247677401741234,0.003975472185098195,0.0,0.0,0.0,0.0,0.0,0.0,0.0,0.0,0.0,0.0,0.0
12.600000000000001,0.0,0.0,0.0,-0.001842291988216237,-0.00031028075591010303,0.004014257279586958,0.43518704175949097,-0.26992133259773254,-0.4706108868122101,-0.14460914413914822,0.040639524925361714,-0.386364688280396,0.0,0.0,0.0,-0.001842291988216237,-0.00031028075591010303,0.004014257279586958,0.0,0.0,0.0,0.0,0.0,0.0,0.0,0.0,0.0,0.0,0.0
12.65,0.0,0.0,0.0,-0.0014156559488398448,0.001764721799238711,0.004130612563053246,0.43518704175949097,-0.26992133259773254,-0.4706108868122101,-0.14460914413914822,0.040639524925361714,-0.386364688280396,0.0,0.0,0.0,-0.0014156559488398448,0.001764721799238711,0.004130612563053246,0.0,0.0,0.0,0.0,0.0,0.0,0.0,0.0,0.0,0.0,0.0
12.700000000000001,0.0,0.0,0.0,9.69627362219072e-05,0.002249535480348247,0.004285752941008298,0.43518704175949097,-0.26992133259773254,-0.4706108868122101,-0.14460914413914822,0.040639524925361714,-0.386364688280396,0.0,0.0,0.0,9.69627362219072e-05,0.002249535480348247,0.004285752941008298,0.0,0.0,0.0,0.0,0.0,0.0,0.0,0.0,0.0,0.0,0.0
12.75,0.0,0.0,0.0,0.001279908118129175,-0.00013574783071067007,0.00498388464180603,0.43518704175949097,-0.26992133259773254,-0.4706108868122101,-0.14460914413914822,0.040639524925361714,-0.386364688280396,0.0,0.0,0.0,0.001279908118129175,-0.00013574783071067007,0.00498388464180603,0.0,0.0,0.0,0.0,0.0,0.0,0.0,0.0,0.0,0.0,0.0
12.8,0.0,0.0,0.0,0.001105375192929742,0.0006205615118202061,0.004809351716606597,0.43518704175949097,-0.26992133259773254,-0.4706108868122101,-0.14460914413914822,0.040639524925361714,-0.386364688280396,0.0,0.0,0.0,0.001105375192929742,0.0006205615118202061,0.004809351716606597,0.0,0.0,0.0,0.0,0.0,0.0,0.0,0.0,0.0,0.0,0.0
12.850000000000001,0.0,0.0,0.0,-0.0008920571732415462,0.0009308422677303091,0.004266360393763917,0.43518704175949097,-0.26992133259773254,-0.4706108868122101,-0.14460914413914822,0.040639524925361714,-0.386364688280396,0.0,0.0,0.0,-0.0008920571732415462,0.0009308422677303091,0.004266360393763917,0.0,0.0,0.0,0.0,0.0,0.0,0.0,0.0,0.0,0.0,0.0
12.9,0.0,0.0,0.0,-0.0006787391535533504,0.0012605155708847935,0.003975472185098195,0.43518704175949097,-0.26992133259773254,-0.4706108868122101,-0.14460914413914822,0.040639524925361714,-0.386364688280396,0.0,0.0,0.0,-0.0006787391535533504,0.0012605155708847935,0.003975472185098195,0.0,0.0,0.0,0.0,0.0,0.0,0.0,0.0,0.0,0.0,0.0
12.950000000000001,0.0,0.0,0.0,-0.0011829453819072679,0.000659346606308969,0.003800939259898762,0.43518704175949097,-0.26992133259773254,-0.4706108868122101,-0.14460914413914822,0.040639524925361714,-0.386364688280396,0.0,0.0,0.0,-0.0011829453819072679,0.000659346606308969,0.003800939259898762,0.0,0.0,0.0,0.0,0.0,0.0,0.0,0.0,0.0,0.0,0.0
13.0,0.0,0.0,0.0,-0.0018035068937274738,0.0010665900984409792,0.0036457988819437108,0.43518704175949097,-0.26992133259773254,-0.4706108868122101,-0.14460914413914822,0.040639524925361714,-0.386364688280396,0.0,0.0,0.0,-0.0018035068937274738,0.0010665900984409792,0.0036457988819437108,0.0,0.0,0.0,0.0,0.0,0.0,0.0,0.0,0.0,0.0,0.0
13.05,0.0,0.0,0.0,-0.0008920571732415462,0.0020168249134156695,0.003800939259898762,0.43518704175949097,-0.26992133259773254,-0.4706108868122101,-0.14460914413914822,0.040639524925361714,-0.386364688280396,0.0,0.0,0.0,-0.0008920571732415462,0.0020168249134156695,0.003800939259898762,0.0,0.0,0.0,0.0,0.0,0.0,0.0,0.0,0.0,0.0,0.0
13.100000000000001,0.0,0.0,0.0,-0.0011247677401741234,0.003180377748078556,0.003975472185098195,0.43518704175949097,-0.26992133259773254,-0.4706108868122101,-0.14460914413914822,0.040639524925361714,-0.386364688280396,0.0,0.0,0.0,-0.0011247677401741234,0.003180377748078556,0.003975472185098195,0.0,0.0,0.0,0.0,0.0,0.0,0.0,0.0,0.0,0.0,0.0
13.15,0.0,0.0,0.0,0.0010278050039522163,0.003122200106345411,0.004150005110297629,0.43518704175949097,-0.26992133259773254,-0.4706108868122101,-0.14460914413914822,0.040639524925361714,-0.386364688280396,0.0,0.0,0.0,0.0010278050039522163,0.003122200106345411,0.004150005110297629,0.0,0.0,0.0,0.0,0.0,0.0,0.0,0.0,0.0,0.0,0.0
13.200000000000001,0.0,0.0,0.0,0.002579208783502732,0.001279908118129175,0.00446028586620773,0.43518704175949097,-0.26992133259773254,-0.4706108868122101,-0.14460914413914822,0.040639524925361714,-0.386364688280396,0.0,0.0,0.0,0.002579208783502732,0.001279908118129175,0.00446028586620773,0.0,0.0,0.0,0.0,0.0,0.0,0.0,0.0,0.0,0.0,0.0
13.25,0.0,0.0,0.0,0.00046542113386515457,0.0007175242480421133,0.004421500771718968,0.43518704175949097,-0.26992133259773254,-0.4706108868122101,-0.14460914413914822,0.040639524925361714,-0.386364688280396,0.0,0.0,0.0,0.00046542113386515457,0.0007175242480421133,0.004421500771718968,0.0,0.0,0.0,0.0,0.0,0.0,0.0,0.0,0.0,0.0,0.0
13.3,0.0,0.0,0.0,0.0006787391535533504,0.00048481368110953597,0.0037427616181656175,0.43518704175949097,-0.26992133259773254,-0.4706108868122101,-0.14460914413914822,0.040639524925361714,-0.386364688280396,0.0,0.0,0.0,0.0006787391535533504,0.00048481368110953597,0.0037427616181656175,0.0,0.0,0.0,0.0,0.0,0.0,0.0,0.0,0.0,0.0,0.0
13.350000000000001,0.0,0.0,0.0,-0.0018228994409718554,-0.00017453292519943296,0.003490658503988659,0.43518704175949097,-0.26992133259773254,-0.4706108868122101,-0.14460914413914822,0.040639524925361714,-0.386364688280396,0.0,0.0,0.0,-0.0018228994409718554,-0.00017453292519943296,0.003490658503988659,0.0,0.0,0.0,0.0,0.0,0.0,0.0,0.0,0.0,0.0,0.0
13.4,0.0,0.0,0.0,-0.0005235987755982988,0.0009696273622190719,0.0035876212402105663,0.43518704175949097,-0.26992133259773254,-0.4706108868122101,-0.14460914413914822,0.040639524925361714,-0.386364688280396,0.0,0.0,0.0,-0.0005235987755982988,0.0009696273622190719,0.0035876212402105663,0.0,0.0,0.0,0.0,0.0,0.0,0.0,0.0,0.0,0.0,0.0
13.450000000000001,0.0,0.0,0.0,0.00015514037795505151,0.0014350484960842266,0.0036457988819437108,0.43518704175949097,-0.26992133259773254,-0.4706108868122101,-0.14460914413914822,0.040639524925361714,-0.386364688280396,0.0,0.0,0.0,0.00015514037795505151,0.0014350484960842266,0.0036457988819437108,0.0,0.0,0.0,0.0,0.0,0.0,0.0,0.0,0.0,0.0,0.0
13.5,0.0,0.0,0.0,-0.00011635528346628864,0.00017453292519943296,0.0038591169016319064,0.43518704175949097,-0.26992133259773254,-0.4706108868122101,-0.14460914413914822,0.040639524925361714,-0.386364688280396,0.0,0.0,0.0,-0.00011635528346628864,0.00017453292519943296,0.0038591169016319064,0.0,0.0,0.0,0.0,0.0,0.0,0.0,0.0,0.0,0.0,0.0
13.55,0.0,0.0,0.0,0.0009502348149746905,-0.0003878509448876288,0.004053042374075721,0.43518704175949097,-0.26992133259773254,-0.4706108868122101,-0.14460914413914822,0.040639524925361714,-0.386364688280396,0.0,0.0,0.0,0.0009502348149746905,-0.0003878509448876288,0.004053042374075721,0.0,0.0,0.0,0.0,0.0,0.0,0.0,0.0,0.0,0.0,0.0
13.600000000000001,0.0,0.0,0.0,-0.0002521031141769587,-0.0005235987755982988,0.0035876212402105663,0.43518704175949097,-0.26992133259773254,-0.4706108868122101,-0.14460914413914822,0.040639524925361714,-0.386364688280396,0.0,0.0,0.0,-0.0002521031141769587,-0.0005235987755982988,0.0035876212402105663,0.0,0.0,0.0,0.0,0.0,0.0,0.0,0.0,0.0,0.0,0.0
13.65,0.0,0.0,0.0,-0.0005429913228426803,-0.000833879531508402,0.0033743032205223703,0.43518704175949097,-0.26992133259773254,-0.4706108868122101,-0.14460914413914822,0.040639524925361714,-0.386364688280396,0.0,0.0,0.0,-0.0005429913228426803,-0.000833879531508402,0.0033743032205223703,0.0,0.0,0.0,0.0,0.0,0.0,0.0,0.0,0.0,0.0,0.0
13.700000000000001,0.0,0.0,0.0,-0.0006399540590645875,-0.0012217304763960308,0.0030252373701235044,0.43518704175949097,-0.26992133259773254,-0.4706108868122101,-0.14460914413914822,0.040639524925361714,-0.386364688280396,0.0,0.0,0.0,-0.0006399540590645875,-0.0012217304763960308,0.0030252373701235044,0.0,0.0,0.0,0.0,0.0,0.0,0.0,0.0,0.0,0.0,0.0
13.75,0.0,0.0,0.0,-0.0006399540590645875,-0.0012217304763960308,0.0030252373701235044,0.43518704175949097,-0.26992133259773254,-0.4706108868122101,-0.14460914413914822,0.040639524925361714,-0.386364688280396,0.0,0.0,0.0,-0.0006399540590645875,-0.0012217304763960308,0.0030252373701235044,0.0,0.0,0.0,0.0,0.0,0.0,0.0,0.0,0.0,0.0,0.0
13.8,0.0,0.0,0.0,-0.0006399540590645875,-0.0012217304763960308,0.0030252373701235044,0.43518704175949097,-0.26992133259773254,-0.4706108868122101,-0.14460914413914822,0.040639524925361714,-0.386364688280396,0.0,0.0,0.0,-0.0006399540590645875,-0.0012217304763960308,0.0030252373701235044,0.0,0.0,0.0,0.0,0.0,0.0,0.0,0.0,0.0,0.0,0.0
13.850000000000001,0.0,0.0,0.0,-0.0006399540590645875,-0.0012217304763960308,0.0030252373701235044,0.43518704175949097,-0.26992133259773254,-0.4706108868122101,-0.14460914413914822,0.040639524925361714,-0.386364688280396,0.0,0.0,0.0,-0.0006399540590645875,-0.0012217304763960308,0.0030252373701235044,0.0,0.0,0.0,0.0,0.0,0.0,0.0,0.0,0.0,0.0,0.0
13.9,0.0,0.0,0.0,-0.0006399540590645875,-0.0012217304763960308,0.0030252373701235044,0.43518704175949097,-0.26992133259773254,-0.4706108868122101,-0.14460914413914822,0.040639524925361714,-0.386364688280396,0.0,0.0,0.0,-0.0006399540590645875,-0.0012217304763960308,0.0030252373701235044,0.0,0.0,0.0,0.0,0.0,0.0,0.0,0.0,0.0,0.0,0.0
13.950000000000001,0.0,0.0,0.0,-0.0006399540590645875,-0.0012217304763960308,0.0030252373701235044,0.43518704175949097,-0.26992133259773254,-0.4706108868122101,-0.14460914413914822,0.040639524925361714,-0.386364688280396,0.0,0.0,0.0,-0.0006399540590645875,-0.0012217304763960308,0.0030252373701235044,0.0,0.0,0.0,0.0,0.0,0.0,0.0,0.0,0.0,0.0,0.0
14.0,0.0,0.0,0.0,-0.0006399540590645875,-0.0012217304763960308,0.0030252373701235044,0.43518704175949097,-0.26992133259773254,-0.4706108868122101,-0.14460914413914822,0.040639524925361714,-0.386364688280396,0.0,0.0,0.0,-0.0006399540590645875,-0.0012217304763960308,0.0030252373701235044,0.0,0.0,0.0,0.0,0.0,0.0,0.0,0.0,0.0,0.0,0.0
14.05,0.0,0.0,0.0,-0.0006399540590645875,-0.0012217304763960308,0.0030252373701235044,0.43518704175949097,-0.26992133259773254,-0.4706108868122101,-0.14460914413914822,0.040639524925361714,-0.386364688280396,0.0,0.0,0.0,-0.0006399540590645875,-0.0012217304763960308,0.0030252373701235044,0.0,0.0,0.0,0.0,0.0,0.0,0.0,0.0,0.0,0.0,0.0
14.100000000000001,0.0,0.0,0.0,-0.0006399540590645875,-0.0012217304763960308,0.0030252373701235044,0.43518704175949097,-0.26992133259773254,-0.4706108868122101,-0.14460914413914822,0.040639524925361714,-0.386364688280396,0.0,0.0,0.0,-0.0006399540590645875,-0.0012217304763960308,0.0030252373701235044,0.0,0.0,0.0,0.0,0.0,0.0,0.0,0.0,0.0,0.0,0.0
14.15,0.0,0.0,0.0,-0.0006399540590645875,-0.0012217304763960308,0.0030252373701235044,0.43518704175949097,-0.26992133259773254,-0.4706108868122101,-0.14460914413914822,0.040639524925361714,-0.386364688280396,0.0,0.0,0.0,-0.0006399540590645875,-0.0012217304763960308,0.0030252373701235044,0.0,0.0,0.0,0.0,0.0,0.0,0.0,0.0,0.0,0.0,0.0
14.200000000000001,0.0,0.0,0.0,-0.0006399540590645875,-0.0012217304763960308,0.0030252373701235044,0.43518704175949097,-0.26992133259773254,-0.4706108868122101,-0.14460914413914822,0.040639524925361714,-0.386364688280396,0.0,0.0,0.0,-0.0006399540590645875,-0.0012217304763960308,0.0030252373701235044,0.0,0.0,0.0,0.0,0.0,0.0,0.0,0.0,0.0,0.0,0.0
14.25,0.0,0.0,0.0,-0.0006399540590645875,-0.0012217304763960308,0.0030252373701235044,0.43518704175949097,-0.26992133259773254,-0.4706108868122101,-0.14460914413914822,0.040639524925361714,-0.386364688280396,0.0,0.0,0.0,-0.0006399540590645875,-0.0012217304763960308,0.0030252373701235044,0.0,0.0,0.0,0.0,0.0,0.0,0.0,0.0,0.0,0.0,0.0
14.3,0.0,0.0,0.0,-0.0006399540590645875,-0.0012217304763960308,0.0030252373701235044,0.43518704175949097,-0.26992133259773254,-0.4706108868122101,-0.14460914413914822,0.040639524925361714,-0.386364688280396,0.0,0.0,0.0,-0.0006399540590645875,-0.0012217304763960308,0.0030252373701235044,0.0,0.0,0.0,0.0,0.0,0.0,0.0,0.0,0.0,0.0,0.0
14.350000000000001,0.0,0.0,0.0,-0.0006399540590645875,-0.0012217304763960308,0.0030252373701235044,0.43518704175949097,-0.26992133259773254,-0.4706108868122101,-0.14460914413914822,0.040639524925361714,-0.386364688280396,0.0,0.0,0.0,-0.0006399540590645875,-0.0012217304763960308,0.0030252373701235044,0.0,0.0,0.0,0.0,0.0,0.0,0.0,0.0,0.0,0.0,0.0
14.4,0.0,0.0,0.0,-0.0006399540590645875,-0.0012217304763960308,0.0030252373701235044,0.43518704175949097,-0.26992133259773254,-0.4706108868122101,-0.14460914413914822,0.040639524925361714,-0.386364688280396,0.0,0.0,0.0,-0.0006399540590645875,-0.0012217304763960308,0.0030252373701235044,0.0,0.0,0.0,0.0,0.0,0.0,0.0,0.0,0.0,0.0,0.0
14.450000000000001,0.0,0.0,0.0,-0.0006399540590645875,-0.0012217304763960308,0.0030252373701235044,0.43518704175949097,-0.26992133259773254,-0.4706108868122101,-0.14460914413914822,0.040639524925361714,-0.386364688280396,0.0,0.0,0.0,-0.0006399540590645875,-0.0012217304763960308,0.0030252373701235044,0.0,0.0,0.0,0.0,0.0,0.0,0.0,0.0,0.0,0.0,0.0
